2025-05-04 16:02:49 [main] ERROR o.s.b.d.LoggingFailureAnalysisReporter - 

***************************
APPLICATION FAILED TO START
***************************

Description:

An attempt was made to call a method that does not exist. The attempt was made from the following location:

    org.springframework.beans.factory.support.DefaultListableBeanFactory.<init>(DefaultListableBeanFactory.java:167)

The following method did not exist:

    'java.lang.Boolean org.springframework.core.SpringProperties.checkFlag(java.lang.String)'

The calling method's class, org.springframework.beans.factory.support.DefaultListableBeanFactory, was loaded from the following location:

    jar:file:/C:/Users/tanki/.m2/repository/org/springframework/spring-beans/6.2.6/spring-beans-6.2.6.jar!/org/springframework/beans/factory/support/DefaultListableBeanFactory.class

The called method's class, org.springframework.core.SpringProperties, is available from the following locations:

    jar:file:/C:/Users/tanki/.m2/repository/org/springframework/spring-core/6.2.3/spring-core-6.2.3.jar!/org/springframework/core/SpringProperties.class

The called method's class hierarchy was loaded from the following locations:

    org.springframework.core.SpringProperties: file:/C:/Users/tanki/.m2/repository/org/springframework/spring-core/6.2.3/spring-core-6.2.3.jar


Action:

Correct the classpath of your application so that it contains compatible versions of the classes org.springframework.beans.factory.support.DefaultListableBeanFactory and org.springframework.core.SpringProperties

2025-05-04 16:24:54 [main] ERROR o.s.boot.SpringApplication - Application run failed
org.springframework.boot.docker.compose.core.ProcessExitException: 'docker version --format {{.Client.Version}}' failed with exit code 1.

Stdout:
27.0.3


Stderr:
error during connect: Get "http://%2F%2F.%2Fpipe%2FdockerDesktopLinuxEngine/v1.46/version": open //./pipe/dockerDesktopLinuxEngine: The system cannot find the file specified.

	at org.springframework.boot.docker.compose.core.ProcessRunner.run(ProcessRunner.java:97)
	at org.springframework.boot.docker.compose.core.ProcessRunner.run(ProcessRunner.java:75)
	at org.springframework.boot.docker.compose.core.DockerCli$DockerCommands.getDockerCommand(DockerCli.java:146)
	at org.springframework.boot.docker.compose.core.DockerCli$DockerCommands.<init>(DockerCli.java:140)
	at org.springframework.boot.docker.compose.core.DockerCli.lambda$new$0(DockerCli.java:66)
	at java.base/java.util.HashMap.computeIfAbsent(HashMap.java:1220)
	at org.springframework.boot.docker.compose.core.DockerCli.<init>(DockerCli.java:65)
	at org.springframework.boot.docker.compose.core.DockerCompose.get(DockerCompose.java:145)
	at org.springframework.boot.docker.compose.lifecycle.DockerComposeLifecycleManager.getDockerCompose(DockerComposeLifecycleManager.java:166)
	at org.springframework.boot.docker.compose.lifecycle.DockerComposeLifecycleManager.start(DockerComposeLifecycleManager.java:114)
	at org.springframework.boot.docker.compose.lifecycle.DockerComposeListener.onApplicationEvent(DockerComposeListener.java:53)
	at org.springframework.boot.docker.compose.lifecycle.DockerComposeListener.onApplicationEvent(DockerComposeListener.java:35)
	at org.springframework.context.event.SimpleApplicationEventMulticaster.doInvokeListener(SimpleApplicationEventMulticaster.java:185)
	at org.springframework.context.event.SimpleApplicationEventMulticaster.invokeListener(SimpleApplicationEventMulticaster.java:178)
	at org.springframework.context.event.SimpleApplicationEventMulticaster.multicastEvent(SimpleApplicationEventMulticaster.java:156)
	at org.springframework.context.event.SimpleApplicationEventMulticaster.multicastEvent(SimpleApplicationEventMulticaster.java:138)
	at org.springframework.boot.context.event.EventPublishingRunListener.multicastInitialEvent(EventPublishingRunListener.java:136)
	at org.springframework.boot.context.event.EventPublishingRunListener.contextLoaded(EventPublishingRunListener.java:98)
	at org.springframework.boot.SpringApplicationRunListeners.lambda$contextLoaded$4(SpringApplicationRunListeners.java:72)
	at java.base/java.lang.Iterable.forEach(Iterable.java:75)
	at org.springframework.boot.SpringApplicationRunListeners.doWithListeners(SpringApplicationRunListeners.java:118)
	at org.springframework.boot.SpringApplicationRunListeners.doWithListeners(SpringApplicationRunListeners.java:112)
	at org.springframework.boot.SpringApplicationRunListeners.contextLoaded(SpringApplicationRunListeners.java:72)
	at org.springframework.boot.SpringApplication.prepareContext(SpringApplication.java:416)
	at org.springframework.boot.SpringApplication.run(SpringApplication.java:317)
	at org.springframework.boot.SpringApplication.run(SpringApplication.java:1361)
	at org.springframework.boot.SpringApplication.run(SpringApplication.java:1350)
	at ru.senla.javacourse.mutovin.messanger.application.MessengerApplication.main(MessengerApplication.java:12)
2025-05-04 16:26:56 [main] ERROR o.s.boot.SpringApplication - Application run failed
java.lang.IllegalStateException: Error processing condition on org.springframework.boot.autoconfigure.context.PropertyPlaceholderAutoConfiguration.propertySourcesPlaceholderConfigurer
	at org.springframework.boot.autoconfigure.condition.SpringBootCondition.matches(SpringBootCondition.java:60)
	at org.springframework.context.annotation.ConditionEvaluator.shouldSkip(ConditionEvaluator.java:99)
	at org.springframework.context.annotation.ConfigurationClassBeanDefinitionReader.loadBeanDefinitionsForBeanMethod(ConfigurationClassBeanDefinitionReader.java:184)
	at org.springframework.context.annotation.ConfigurationClassBeanDefinitionReader.loadBeanDefinitionsForConfigurationClass(ConfigurationClassBeanDefinitionReader.java:145)
	at org.springframework.context.annotation.ConfigurationClassBeanDefinitionReader.loadBeanDefinitions(ConfigurationClassBeanDefinitionReader.java:121)
	at org.springframework.context.annotation.ConfigurationClassPostProcessor.processConfigBeanDefinitions(ConfigurationClassPostProcessor.java:430)
	at org.springframework.context.annotation.ConfigurationClassPostProcessor.postProcessBeanDefinitionRegistry(ConfigurationClassPostProcessor.java:290)
	at org.springframework.context.support.PostProcessorRegistrationDelegate.invokeBeanDefinitionRegistryPostProcessors(PostProcessorRegistrationDelegate.java:349)
	at org.springframework.context.support.PostProcessorRegistrationDelegate.invokeBeanFactoryPostProcessors(PostProcessorRegistrationDelegate.java:118)
	at org.springframework.context.support.AbstractApplicationContext.invokeBeanFactoryPostProcessors(AbstractApplicationContext.java:791)
	at org.springframework.context.support.AbstractApplicationContext.refresh(AbstractApplicationContext.java:609)
	at org.springframework.boot.web.servlet.context.ServletWebServerApplicationContext.refresh(ServletWebServerApplicationContext.java:146)
	at org.springframework.boot.SpringApplication.refresh(SpringApplication.java:752)
	at org.springframework.boot.SpringApplication.refreshContext(SpringApplication.java:439)
	at org.springframework.boot.SpringApplication.run(SpringApplication.java:318)
	at org.springframework.boot.SpringApplication.run(SpringApplication.java:1361)
	at org.springframework.boot.SpringApplication.run(SpringApplication.java:1350)
	at ru.senla.javacourse.mutovin.messanger.application.MessengerApplication.main(MessengerApplication.java:12)
Caused by: java.lang.IllegalStateException: Failed to introspect Class [org.springframework.security.config.annotation.method.configuration.PrePostMethodSecurityConfiguration] from ClassLoader [jdk.internal.loader.ClassLoaders$AppClassLoader@1d44bcfa]
	at org.springframework.util.ReflectionUtils.getDeclaredMethods(ReflectionUtils.java:483)
	at org.springframework.util.ReflectionUtils.doWithMethods(ReflectionUtils.java:360)
	at org.springframework.util.ReflectionUtils.getUniqueDeclaredMethods(ReflectionUtils.java:417)
	at org.springframework.beans.factory.support.AbstractAutowireCapableBeanFactory.lambda$getTypeForFactoryMethod$1(AbstractAutowireCapableBeanFactory.java:751)
	at java.base/java.util.concurrent.ConcurrentHashMap.computeIfAbsent(ConcurrentHashMap.java:1708)
	at org.springframework.beans.factory.support.AbstractAutowireCapableBeanFactory.getTypeForFactoryMethod(AbstractAutowireCapableBeanFactory.java:750)
	at org.springframework.beans.factory.support.AbstractAutowireCapableBeanFactory.determineTargetType(AbstractAutowireCapableBeanFactory.java:683)
	at org.springframework.beans.factory.support.AbstractAutowireCapableBeanFactory.predictBeanType(AbstractAutowireCapableBeanFactory.java:654)
	at org.springframework.beans.factory.support.AbstractBeanFactory.isFactoryBean(AbstractBeanFactory.java:1704)
	at org.springframework.beans.factory.support.DefaultListableBeanFactory.doGetBeanNamesForType(DefaultListableBeanFactory.java:618)
	at org.springframework.beans.factory.support.DefaultListableBeanFactory.getBeanNamesForType(DefaultListableBeanFactory.java:590)
	at org.springframework.boot.autoconfigure.condition.OnBeanCondition.collectBeanDefinitionsForType(OnBeanCondition.java:332)
	at org.springframework.boot.autoconfigure.condition.OnBeanCondition.getBeanDefinitionsForType(OnBeanCondition.java:324)
	at org.springframework.boot.autoconfigure.condition.OnBeanCondition.getBeanDefinitionsForType(OnBeanCondition.java:314)
	at org.springframework.boot.autoconfigure.condition.OnBeanCondition.getMatchingBeans(OnBeanCondition.java:213)
	at org.springframework.boot.autoconfigure.condition.OnBeanCondition.evaluateConditionalOnMissingBean(OnBeanCondition.java:196)
	at org.springframework.boot.autoconfigure.condition.OnBeanCondition.getMatchOutcome(OnBeanCondition.java:143)
	at org.springframework.boot.autoconfigure.condition.SpringBootCondition.matches(SpringBootCondition.java:47)
	... 17 common frames omitted
Caused by: java.lang.NoClassDefFoundError: org/springframework/security/aot/hint/SecurityHintsRegistrar
	at java.base/java.lang.Class.getDeclaredMethods0(Native Method)
	at java.base/java.lang.Class.privateGetDeclaredMethods(Class.java:3402)
	at java.base/java.lang.Class.getDeclaredMethods(Class.java:2504)
	at org.springframework.util.ReflectionUtils.getDeclaredMethods(ReflectionUtils.java:465)
	... 34 common frames omitted
Caused by: java.lang.ClassNotFoundException: org.springframework.security.aot.hint.SecurityHintsRegistrar
	at java.base/jdk.internal.loader.BuiltinClassLoader.loadClass(BuiltinClassLoader.java:641)
	at java.base/jdk.internal.loader.ClassLoaders$AppClassLoader.loadClass(ClassLoaders.java:188)
	at java.base/java.lang.ClassLoader.loadClass(ClassLoader.java:525)
	... 38 common frames omitted
2025-05-04 16:27:15 [main] ERROR o.s.boot.SpringApplication - Application run failed
java.lang.IllegalStateException: Error processing condition on org.springframework.boot.autoconfigure.context.PropertyPlaceholderAutoConfiguration.propertySourcesPlaceholderConfigurer
	at org.springframework.boot.autoconfigure.condition.SpringBootCondition.matches(SpringBootCondition.java:60)
	at org.springframework.context.annotation.ConditionEvaluator.shouldSkip(ConditionEvaluator.java:99)
	at org.springframework.context.annotation.ConfigurationClassBeanDefinitionReader.loadBeanDefinitionsForBeanMethod(ConfigurationClassBeanDefinitionReader.java:184)
	at org.springframework.context.annotation.ConfigurationClassBeanDefinitionReader.loadBeanDefinitionsForConfigurationClass(ConfigurationClassBeanDefinitionReader.java:145)
	at org.springframework.context.annotation.ConfigurationClassBeanDefinitionReader.loadBeanDefinitions(ConfigurationClassBeanDefinitionReader.java:121)
	at org.springframework.context.annotation.ConfigurationClassPostProcessor.processConfigBeanDefinitions(ConfigurationClassPostProcessor.java:430)
	at org.springframework.context.annotation.ConfigurationClassPostProcessor.postProcessBeanDefinitionRegistry(ConfigurationClassPostProcessor.java:290)
	at org.springframework.context.support.PostProcessorRegistrationDelegate.invokeBeanDefinitionRegistryPostProcessors(PostProcessorRegistrationDelegate.java:349)
	at org.springframework.context.support.PostProcessorRegistrationDelegate.invokeBeanFactoryPostProcessors(PostProcessorRegistrationDelegate.java:118)
	at org.springframework.context.support.AbstractApplicationContext.invokeBeanFactoryPostProcessors(AbstractApplicationContext.java:791)
	at org.springframework.context.support.AbstractApplicationContext.refresh(AbstractApplicationContext.java:609)
	at org.springframework.boot.web.servlet.context.ServletWebServerApplicationContext.refresh(ServletWebServerApplicationContext.java:146)
	at org.springframework.boot.SpringApplication.refresh(SpringApplication.java:752)
	at org.springframework.boot.SpringApplication.refreshContext(SpringApplication.java:439)
	at org.springframework.boot.SpringApplication.run(SpringApplication.java:318)
	at org.springframework.boot.SpringApplication.run(SpringApplication.java:1361)
	at org.springframework.boot.SpringApplication.run(SpringApplication.java:1350)
	at ru.senla.javacourse.mutovin.messanger.application.MessengerApplication.main(MessengerApplication.java:12)
Caused by: java.lang.IllegalStateException: Failed to introspect Class [org.springframework.security.config.annotation.method.configuration.PrePostMethodSecurityConfiguration] from ClassLoader [jdk.internal.loader.ClassLoaders$AppClassLoader@1d44bcfa]
	at org.springframework.util.ReflectionUtils.getDeclaredMethods(ReflectionUtils.java:483)
	at org.springframework.util.ReflectionUtils.doWithMethods(ReflectionUtils.java:360)
	at org.springframework.util.ReflectionUtils.getUniqueDeclaredMethods(ReflectionUtils.java:417)
	at org.springframework.beans.factory.support.AbstractAutowireCapableBeanFactory.lambda$getTypeForFactoryMethod$1(AbstractAutowireCapableBeanFactory.java:751)
	at java.base/java.util.concurrent.ConcurrentHashMap.computeIfAbsent(ConcurrentHashMap.java:1708)
	at org.springframework.beans.factory.support.AbstractAutowireCapableBeanFactory.getTypeForFactoryMethod(AbstractAutowireCapableBeanFactory.java:750)
	at org.springframework.beans.factory.support.AbstractAutowireCapableBeanFactory.determineTargetType(AbstractAutowireCapableBeanFactory.java:683)
	at org.springframework.beans.factory.support.AbstractAutowireCapableBeanFactory.predictBeanType(AbstractAutowireCapableBeanFactory.java:654)
	at org.springframework.beans.factory.support.AbstractBeanFactory.isFactoryBean(AbstractBeanFactory.java:1704)
	at org.springframework.beans.factory.support.DefaultListableBeanFactory.doGetBeanNamesForType(DefaultListableBeanFactory.java:618)
	at org.springframework.beans.factory.support.DefaultListableBeanFactory.getBeanNamesForType(DefaultListableBeanFactory.java:590)
	at org.springframework.boot.autoconfigure.condition.OnBeanCondition.collectBeanDefinitionsForType(OnBeanCondition.java:332)
	at org.springframework.boot.autoconfigure.condition.OnBeanCondition.getBeanDefinitionsForType(OnBeanCondition.java:324)
	at org.springframework.boot.autoconfigure.condition.OnBeanCondition.getBeanDefinitionsForType(OnBeanCondition.java:314)
	at org.springframework.boot.autoconfigure.condition.OnBeanCondition.getMatchingBeans(OnBeanCondition.java:213)
	at org.springframework.boot.autoconfigure.condition.OnBeanCondition.evaluateConditionalOnMissingBean(OnBeanCondition.java:196)
	at org.springframework.boot.autoconfigure.condition.OnBeanCondition.getMatchOutcome(OnBeanCondition.java:143)
	at org.springframework.boot.autoconfigure.condition.SpringBootCondition.matches(SpringBootCondition.java:47)
	... 17 common frames omitted
Caused by: java.lang.NoClassDefFoundError: org/springframework/security/aot/hint/SecurityHintsRegistrar
	at java.base/java.lang.Class.getDeclaredMethods0(Native Method)
	at java.base/java.lang.Class.privateGetDeclaredMethods(Class.java:3402)
	at java.base/java.lang.Class.getDeclaredMethods(Class.java:2504)
	at org.springframework.util.ReflectionUtils.getDeclaredMethods(ReflectionUtils.java:465)
	... 34 common frames omitted
Caused by: java.lang.ClassNotFoundException: org.springframework.security.aot.hint.SecurityHintsRegistrar
	at java.base/jdk.internal.loader.BuiltinClassLoader.loadClass(BuiltinClassLoader.java:641)
	at java.base/jdk.internal.loader.ClassLoaders$AppClassLoader.loadClass(ClassLoaders.java:188)
	at java.base/java.lang.ClassLoader.loadClass(ClassLoader.java:525)
	... 38 common frames omitted
2025-05-04 16:32:27 [main] ERROR o.s.boot.SpringApplication - Application run failed
java.lang.IllegalStateException: Error processing condition on org.springframework.boot.autoconfigure.context.PropertyPlaceholderAutoConfiguration.propertySourcesPlaceholderConfigurer
	at org.springframework.boot.autoconfigure.condition.SpringBootCondition.matches(SpringBootCondition.java:60)
	at org.springframework.context.annotation.ConditionEvaluator.shouldSkip(ConditionEvaluator.java:99)
	at org.springframework.context.annotation.ConfigurationClassBeanDefinitionReader.loadBeanDefinitionsForBeanMethod(ConfigurationClassBeanDefinitionReader.java:184)
	at org.springframework.context.annotation.ConfigurationClassBeanDefinitionReader.loadBeanDefinitionsForConfigurationClass(ConfigurationClassBeanDefinitionReader.java:145)
	at org.springframework.context.annotation.ConfigurationClassBeanDefinitionReader.loadBeanDefinitions(ConfigurationClassBeanDefinitionReader.java:121)
	at org.springframework.context.annotation.ConfigurationClassPostProcessor.processConfigBeanDefinitions(ConfigurationClassPostProcessor.java:430)
	at org.springframework.context.annotation.ConfigurationClassPostProcessor.postProcessBeanDefinitionRegistry(ConfigurationClassPostProcessor.java:290)
	at org.springframework.context.support.PostProcessorRegistrationDelegate.invokeBeanDefinitionRegistryPostProcessors(PostProcessorRegistrationDelegate.java:349)
	at org.springframework.context.support.PostProcessorRegistrationDelegate.invokeBeanFactoryPostProcessors(PostProcessorRegistrationDelegate.java:118)
	at org.springframework.context.support.AbstractApplicationContext.invokeBeanFactoryPostProcessors(AbstractApplicationContext.java:791)
	at org.springframework.context.support.AbstractApplicationContext.refresh(AbstractApplicationContext.java:609)
	at org.springframework.boot.web.servlet.context.ServletWebServerApplicationContext.refresh(ServletWebServerApplicationContext.java:146)
	at org.springframework.boot.SpringApplication.refresh(SpringApplication.java:752)
	at org.springframework.boot.SpringApplication.refreshContext(SpringApplication.java:439)
	at org.springframework.boot.SpringApplication.run(SpringApplication.java:318)
	at org.springframework.boot.SpringApplication.run(SpringApplication.java:1361)
	at org.springframework.boot.SpringApplication.run(SpringApplication.java:1350)
	at ru.senla.javacourse.mutovin.messanger.application.MessengerApplication.main(MessengerApplication.java:12)
Caused by: java.lang.IllegalStateException: Failed to introspect Class [org.springframework.security.config.annotation.method.configuration.PrePostMethodSecurityConfiguration] from ClassLoader [jdk.internal.loader.ClassLoaders$AppClassLoader@1d44bcfa]
	at org.springframework.util.ReflectionUtils.getDeclaredMethods(ReflectionUtils.java:483)
	at org.springframework.util.ReflectionUtils.doWithMethods(ReflectionUtils.java:360)
	at org.springframework.util.ReflectionUtils.getUniqueDeclaredMethods(ReflectionUtils.java:417)
	at org.springframework.beans.factory.support.AbstractAutowireCapableBeanFactory.lambda$getTypeForFactoryMethod$1(AbstractAutowireCapableBeanFactory.java:751)
	at java.base/java.util.concurrent.ConcurrentHashMap.computeIfAbsent(ConcurrentHashMap.java:1708)
	at org.springframework.beans.factory.support.AbstractAutowireCapableBeanFactory.getTypeForFactoryMethod(AbstractAutowireCapableBeanFactory.java:750)
	at org.springframework.beans.factory.support.AbstractAutowireCapableBeanFactory.determineTargetType(AbstractAutowireCapableBeanFactory.java:683)
	at org.springframework.beans.factory.support.AbstractAutowireCapableBeanFactory.predictBeanType(AbstractAutowireCapableBeanFactory.java:654)
	at org.springframework.beans.factory.support.AbstractBeanFactory.isFactoryBean(AbstractBeanFactory.java:1704)
	at org.springframework.beans.factory.support.DefaultListableBeanFactory.doGetBeanNamesForType(DefaultListableBeanFactory.java:618)
	at org.springframework.beans.factory.support.DefaultListableBeanFactory.getBeanNamesForType(DefaultListableBeanFactory.java:590)
	at org.springframework.boot.autoconfigure.condition.OnBeanCondition.collectBeanDefinitionsForType(OnBeanCondition.java:332)
	at org.springframework.boot.autoconfigure.condition.OnBeanCondition.getBeanDefinitionsForType(OnBeanCondition.java:324)
	at org.springframework.boot.autoconfigure.condition.OnBeanCondition.getBeanDefinitionsForType(OnBeanCondition.java:314)
	at org.springframework.boot.autoconfigure.condition.OnBeanCondition.getMatchingBeans(OnBeanCondition.java:213)
	at org.springframework.boot.autoconfigure.condition.OnBeanCondition.evaluateConditionalOnMissingBean(OnBeanCondition.java:196)
	at org.springframework.boot.autoconfigure.condition.OnBeanCondition.getMatchOutcome(OnBeanCondition.java:143)
	at org.springframework.boot.autoconfigure.condition.SpringBootCondition.matches(SpringBootCondition.java:47)
	... 17 common frames omitted
Caused by: java.lang.NoClassDefFoundError: org/springframework/security/aot/hint/SecurityHintsRegistrar
	at java.base/java.lang.Class.getDeclaredMethods0(Native Method)
	at java.base/java.lang.Class.privateGetDeclaredMethods(Class.java:3402)
	at java.base/java.lang.Class.getDeclaredMethods(Class.java:2504)
	at org.springframework.util.ReflectionUtils.getDeclaredMethods(ReflectionUtils.java:465)
	... 34 common frames omitted
Caused by: java.lang.ClassNotFoundException: org.springframework.security.aot.hint.SecurityHintsRegistrar
	at java.base/jdk.internal.loader.BuiltinClassLoader.loadClass(BuiltinClassLoader.java:641)
	at java.base/jdk.internal.loader.ClassLoaders$AppClassLoader.loadClass(ClassLoaders.java:188)
	at java.base/java.lang.ClassLoader.loadClass(ClassLoader.java:525)
	... 38 common frames omitted
2025-05-04 16:35:18 [main] ERROR o.s.boot.SpringApplication - Application run failed
java.lang.IllegalStateException: Error processing condition on org.springframework.boot.autoconfigure.context.PropertyPlaceholderAutoConfiguration.propertySourcesPlaceholderConfigurer
	at org.springframework.boot.autoconfigure.condition.SpringBootCondition.matches(SpringBootCondition.java:60)
	at org.springframework.context.annotation.ConditionEvaluator.shouldSkip(ConditionEvaluator.java:99)
	at org.springframework.context.annotation.ConfigurationClassBeanDefinitionReader.loadBeanDefinitionsForBeanMethod(ConfigurationClassBeanDefinitionReader.java:184)
	at org.springframework.context.annotation.ConfigurationClassBeanDefinitionReader.loadBeanDefinitionsForConfigurationClass(ConfigurationClassBeanDefinitionReader.java:145)
	at org.springframework.context.annotation.ConfigurationClassBeanDefinitionReader.loadBeanDefinitions(ConfigurationClassBeanDefinitionReader.java:121)
	at org.springframework.context.annotation.ConfigurationClassPostProcessor.processConfigBeanDefinitions(ConfigurationClassPostProcessor.java:430)
	at org.springframework.context.annotation.ConfigurationClassPostProcessor.postProcessBeanDefinitionRegistry(ConfigurationClassPostProcessor.java:290)
	at org.springframework.context.support.PostProcessorRegistrationDelegate.invokeBeanDefinitionRegistryPostProcessors(PostProcessorRegistrationDelegate.java:349)
	at org.springframework.context.support.PostProcessorRegistrationDelegate.invokeBeanFactoryPostProcessors(PostProcessorRegistrationDelegate.java:118)
	at org.springframework.context.support.AbstractApplicationContext.invokeBeanFactoryPostProcessors(AbstractApplicationContext.java:791)
	at org.springframework.context.support.AbstractApplicationContext.refresh(AbstractApplicationContext.java:609)
	at org.springframework.boot.web.servlet.context.ServletWebServerApplicationContext.refresh(ServletWebServerApplicationContext.java:146)
	at org.springframework.boot.SpringApplication.refresh(SpringApplication.java:752)
	at org.springframework.boot.SpringApplication.refreshContext(SpringApplication.java:439)
	at org.springframework.boot.SpringApplication.run(SpringApplication.java:318)
	at org.springframework.boot.SpringApplication.run(SpringApplication.java:1361)
	at org.springframework.boot.SpringApplication.run(SpringApplication.java:1350)
	at ru.senla.javacourse.mutovin.messanger.application.MessengerApplication.main(MessengerApplication.java:12)
Caused by: java.lang.IllegalStateException: Failed to introspect Class [org.springframework.security.config.annotation.method.configuration.PrePostMethodSecurityConfiguration] from ClassLoader [jdk.internal.loader.ClassLoaders$AppClassLoader@1d44bcfa]
	at org.springframework.util.ReflectionUtils.getDeclaredMethods(ReflectionUtils.java:483)
	at org.springframework.util.ReflectionUtils.doWithMethods(ReflectionUtils.java:360)
	at org.springframework.util.ReflectionUtils.getUniqueDeclaredMethods(ReflectionUtils.java:417)
	at org.springframework.beans.factory.support.AbstractAutowireCapableBeanFactory.lambda$getTypeForFactoryMethod$1(AbstractAutowireCapableBeanFactory.java:751)
	at java.base/java.util.concurrent.ConcurrentHashMap.computeIfAbsent(ConcurrentHashMap.java:1708)
	at org.springframework.beans.factory.support.AbstractAutowireCapableBeanFactory.getTypeForFactoryMethod(AbstractAutowireCapableBeanFactory.java:750)
	at org.springframework.beans.factory.support.AbstractAutowireCapableBeanFactory.determineTargetType(AbstractAutowireCapableBeanFactory.java:683)
	at org.springframework.beans.factory.support.AbstractAutowireCapableBeanFactory.predictBeanType(AbstractAutowireCapableBeanFactory.java:654)
	at org.springframework.beans.factory.support.AbstractBeanFactory.isFactoryBean(AbstractBeanFactory.java:1704)
	at org.springframework.beans.factory.support.DefaultListableBeanFactory.doGetBeanNamesForType(DefaultListableBeanFactory.java:618)
	at org.springframework.beans.factory.support.DefaultListableBeanFactory.getBeanNamesForType(DefaultListableBeanFactory.java:590)
	at org.springframework.boot.autoconfigure.condition.OnBeanCondition.collectBeanDefinitionsForType(OnBeanCondition.java:332)
	at org.springframework.boot.autoconfigure.condition.OnBeanCondition.getBeanDefinitionsForType(OnBeanCondition.java:324)
	at org.springframework.boot.autoconfigure.condition.OnBeanCondition.getBeanDefinitionsForType(OnBeanCondition.java:314)
	at org.springframework.boot.autoconfigure.condition.OnBeanCondition.getMatchingBeans(OnBeanCondition.java:213)
	at org.springframework.boot.autoconfigure.condition.OnBeanCondition.evaluateConditionalOnMissingBean(OnBeanCondition.java:196)
	at org.springframework.boot.autoconfigure.condition.OnBeanCondition.getMatchOutcome(OnBeanCondition.java:143)
	at org.springframework.boot.autoconfigure.condition.SpringBootCondition.matches(SpringBootCondition.java:47)
	... 17 common frames omitted
Caused by: java.lang.NoClassDefFoundError: org/springframework/security/aot/hint/SecurityHintsRegistrar
	at java.base/java.lang.Class.getDeclaredMethods0(Native Method)
	at java.base/java.lang.Class.privateGetDeclaredMethods(Class.java:3402)
	at java.base/java.lang.Class.getDeclaredMethods(Class.java:2504)
	at org.springframework.util.ReflectionUtils.getDeclaredMethods(ReflectionUtils.java:465)
	... 34 common frames omitted
Caused by: java.lang.ClassNotFoundException: org.springframework.security.aot.hint.SecurityHintsRegistrar
	at java.base/jdk.internal.loader.BuiltinClassLoader.loadClass(BuiltinClassLoader.java:641)
	at java.base/jdk.internal.loader.ClassLoaders$AppClassLoader.loadClass(ClassLoaders.java:188)
	at java.base/java.lang.ClassLoader.loadClass(ClassLoader.java:525)
	... 38 common frames omitted
2025-05-04 16:36:19 [main] ERROR o.s.boot.SpringApplication - Application run failed
java.lang.IllegalStateException: Error processing condition on org.springframework.boot.autoconfigure.context.PropertyPlaceholderAutoConfiguration.propertySourcesPlaceholderConfigurer
	at org.springframework.boot.autoconfigure.condition.SpringBootCondition.matches(SpringBootCondition.java:60)
	at org.springframework.context.annotation.ConditionEvaluator.shouldSkip(ConditionEvaluator.java:99)
	at org.springframework.context.annotation.ConfigurationClassBeanDefinitionReader.loadBeanDefinitionsForBeanMethod(ConfigurationClassBeanDefinitionReader.java:184)
	at org.springframework.context.annotation.ConfigurationClassBeanDefinitionReader.loadBeanDefinitionsForConfigurationClass(ConfigurationClassBeanDefinitionReader.java:145)
	at org.springframework.context.annotation.ConfigurationClassBeanDefinitionReader.loadBeanDefinitions(ConfigurationClassBeanDefinitionReader.java:121)
	at org.springframework.context.annotation.ConfigurationClassPostProcessor.processConfigBeanDefinitions(ConfigurationClassPostProcessor.java:430)
	at org.springframework.context.annotation.ConfigurationClassPostProcessor.postProcessBeanDefinitionRegistry(ConfigurationClassPostProcessor.java:290)
	at org.springframework.context.support.PostProcessorRegistrationDelegate.invokeBeanDefinitionRegistryPostProcessors(PostProcessorRegistrationDelegate.java:349)
	at org.springframework.context.support.PostProcessorRegistrationDelegate.invokeBeanFactoryPostProcessors(PostProcessorRegistrationDelegate.java:118)
	at org.springframework.context.support.AbstractApplicationContext.invokeBeanFactoryPostProcessors(AbstractApplicationContext.java:791)
	at org.springframework.context.support.AbstractApplicationContext.refresh(AbstractApplicationContext.java:609)
	at org.springframework.boot.web.servlet.context.ServletWebServerApplicationContext.refresh(ServletWebServerApplicationContext.java:146)
	at org.springframework.boot.SpringApplication.refresh(SpringApplication.java:752)
	at org.springframework.boot.SpringApplication.refreshContext(SpringApplication.java:439)
	at org.springframework.boot.SpringApplication.run(SpringApplication.java:318)
	at org.springframework.boot.SpringApplication.run(SpringApplication.java:1361)
	at org.springframework.boot.SpringApplication.run(SpringApplication.java:1350)
	at ru.senla.javacourse.mutovin.messanger.application.MessengerApplication.main(MessengerApplication.java:12)
Caused by: java.lang.IllegalStateException: Failed to introspect Class [org.springframework.security.config.annotation.method.configuration.PrePostMethodSecurityConfiguration] from ClassLoader [jdk.internal.loader.ClassLoaders$AppClassLoader@1d44bcfa]
	at org.springframework.util.ReflectionUtils.getDeclaredMethods(ReflectionUtils.java:483)
	at org.springframework.util.ReflectionUtils.doWithMethods(ReflectionUtils.java:360)
	at org.springframework.util.ReflectionUtils.getUniqueDeclaredMethods(ReflectionUtils.java:417)
	at org.springframework.beans.factory.support.AbstractAutowireCapableBeanFactory.lambda$getTypeForFactoryMethod$1(AbstractAutowireCapableBeanFactory.java:751)
	at java.base/java.util.concurrent.ConcurrentHashMap.computeIfAbsent(ConcurrentHashMap.java:1708)
	at org.springframework.beans.factory.support.AbstractAutowireCapableBeanFactory.getTypeForFactoryMethod(AbstractAutowireCapableBeanFactory.java:750)
	at org.springframework.beans.factory.support.AbstractAutowireCapableBeanFactory.determineTargetType(AbstractAutowireCapableBeanFactory.java:683)
	at org.springframework.beans.factory.support.AbstractAutowireCapableBeanFactory.predictBeanType(AbstractAutowireCapableBeanFactory.java:654)
	at org.springframework.beans.factory.support.AbstractBeanFactory.isFactoryBean(AbstractBeanFactory.java:1704)
	at org.springframework.beans.factory.support.DefaultListableBeanFactory.doGetBeanNamesForType(DefaultListableBeanFactory.java:618)
	at org.springframework.beans.factory.support.DefaultListableBeanFactory.getBeanNamesForType(DefaultListableBeanFactory.java:590)
	at org.springframework.boot.autoconfigure.condition.OnBeanCondition.collectBeanDefinitionsForType(OnBeanCondition.java:332)
	at org.springframework.boot.autoconfigure.condition.OnBeanCondition.getBeanDefinitionsForType(OnBeanCondition.java:324)
	at org.springframework.boot.autoconfigure.condition.OnBeanCondition.getBeanDefinitionsForType(OnBeanCondition.java:314)
	at org.springframework.boot.autoconfigure.condition.OnBeanCondition.getMatchingBeans(OnBeanCondition.java:213)
	at org.springframework.boot.autoconfigure.condition.OnBeanCondition.evaluateConditionalOnMissingBean(OnBeanCondition.java:196)
	at org.springframework.boot.autoconfigure.condition.OnBeanCondition.getMatchOutcome(OnBeanCondition.java:143)
	at org.springframework.boot.autoconfigure.condition.SpringBootCondition.matches(SpringBootCondition.java:47)
	... 17 common frames omitted
Caused by: java.lang.NoClassDefFoundError: org/springframework/security/aot/hint/SecurityHintsRegistrar
	at java.base/java.lang.Class.getDeclaredMethods0(Native Method)
	at java.base/java.lang.Class.privateGetDeclaredMethods(Class.java:3402)
	at java.base/java.lang.Class.getDeclaredMethods(Class.java:2504)
	at org.springframework.util.ReflectionUtils.getDeclaredMethods(ReflectionUtils.java:465)
	... 34 common frames omitted
Caused by: java.lang.ClassNotFoundException: org.springframework.security.aot.hint.SecurityHintsRegistrar
	at java.base/jdk.internal.loader.BuiltinClassLoader.loadClass(BuiltinClassLoader.java:641)
	at java.base/jdk.internal.loader.ClassLoaders$AppClassLoader.loadClass(ClassLoaders.java:188)
	at java.base/java.lang.ClassLoader.loadClass(ClassLoader.java:525)
	... 38 common frames omitted
2025-05-04 17:15:12 [main] ERROR o.s.boot.SpringApplication - Application run failed
java.lang.IllegalStateException: Error processing condition on org.springframework.boot.autoconfigure.context.PropertyPlaceholderAutoConfiguration.propertySourcesPlaceholderConfigurer
	at org.springframework.boot.autoconfigure.condition.SpringBootCondition.matches(SpringBootCondition.java:60)
	at org.springframework.context.annotation.ConditionEvaluator.shouldSkip(ConditionEvaluator.java:99)
	at org.springframework.context.annotation.ConfigurationClassBeanDefinitionReader.loadBeanDefinitionsForBeanMethod(ConfigurationClassBeanDefinitionReader.java:184)
	at org.springframework.context.annotation.ConfigurationClassBeanDefinitionReader.loadBeanDefinitionsForConfigurationClass(ConfigurationClassBeanDefinitionReader.java:145)
	at org.springframework.context.annotation.ConfigurationClassBeanDefinitionReader.loadBeanDefinitions(ConfigurationClassBeanDefinitionReader.java:121)
	at org.springframework.context.annotation.ConfigurationClassPostProcessor.processConfigBeanDefinitions(ConfigurationClassPostProcessor.java:430)
	at org.springframework.context.annotation.ConfigurationClassPostProcessor.postProcessBeanDefinitionRegistry(ConfigurationClassPostProcessor.java:290)
	at org.springframework.context.support.PostProcessorRegistrationDelegate.invokeBeanDefinitionRegistryPostProcessors(PostProcessorRegistrationDelegate.java:349)
	at org.springframework.context.support.PostProcessorRegistrationDelegate.invokeBeanFactoryPostProcessors(PostProcessorRegistrationDelegate.java:118)
	at org.springframework.context.support.AbstractApplicationContext.invokeBeanFactoryPostProcessors(AbstractApplicationContext.java:791)
	at org.springframework.context.support.AbstractApplicationContext.refresh(AbstractApplicationContext.java:609)
	at org.springframework.boot.web.servlet.context.ServletWebServerApplicationContext.refresh(ServletWebServerApplicationContext.java:146)
	at org.springframework.boot.SpringApplication.refresh(SpringApplication.java:752)
	at org.springframework.boot.SpringApplication.refreshContext(SpringApplication.java:439)
	at org.springframework.boot.SpringApplication.run(SpringApplication.java:318)
	at org.springframework.boot.SpringApplication.run(SpringApplication.java:1361)
	at org.springframework.boot.SpringApplication.run(SpringApplication.java:1350)
	at ru.senla.javacourse.mutovin.messanger.application.MessengerApplication.main(MessengerApplication.java:12)
Caused by: java.lang.IllegalStateException: Failed to introspect Class [org.springframework.security.config.annotation.method.configuration.PrePostMethodSecurityConfiguration] from ClassLoader [jdk.internal.loader.ClassLoaders$AppClassLoader@1d44bcfa]
	at org.springframework.util.ReflectionUtils.getDeclaredMethods(ReflectionUtils.java:483)
	at org.springframework.util.ReflectionUtils.doWithMethods(ReflectionUtils.java:360)
	at org.springframework.util.ReflectionUtils.getUniqueDeclaredMethods(ReflectionUtils.java:417)
	at org.springframework.beans.factory.support.AbstractAutowireCapableBeanFactory.lambda$getTypeForFactoryMethod$1(AbstractAutowireCapableBeanFactory.java:751)
	at java.base/java.util.concurrent.ConcurrentHashMap.computeIfAbsent(ConcurrentHashMap.java:1708)
	at org.springframework.beans.factory.support.AbstractAutowireCapableBeanFactory.getTypeForFactoryMethod(AbstractAutowireCapableBeanFactory.java:750)
	at org.springframework.beans.factory.support.AbstractAutowireCapableBeanFactory.determineTargetType(AbstractAutowireCapableBeanFactory.java:683)
	at org.springframework.beans.factory.support.AbstractAutowireCapableBeanFactory.predictBeanType(AbstractAutowireCapableBeanFactory.java:654)
	at org.springframework.beans.factory.support.AbstractBeanFactory.isFactoryBean(AbstractBeanFactory.java:1704)
	at org.springframework.beans.factory.support.DefaultListableBeanFactory.doGetBeanNamesForType(DefaultListableBeanFactory.java:618)
	at org.springframework.beans.factory.support.DefaultListableBeanFactory.getBeanNamesForType(DefaultListableBeanFactory.java:590)
	at org.springframework.boot.autoconfigure.condition.OnBeanCondition.collectBeanDefinitionsForType(OnBeanCondition.java:332)
	at org.springframework.boot.autoconfigure.condition.OnBeanCondition.getBeanDefinitionsForType(OnBeanCondition.java:324)
	at org.springframework.boot.autoconfigure.condition.OnBeanCondition.getBeanDefinitionsForType(OnBeanCondition.java:314)
	at org.springframework.boot.autoconfigure.condition.OnBeanCondition.getMatchingBeans(OnBeanCondition.java:213)
	at org.springframework.boot.autoconfigure.condition.OnBeanCondition.evaluateConditionalOnMissingBean(OnBeanCondition.java:196)
	at org.springframework.boot.autoconfigure.condition.OnBeanCondition.getMatchOutcome(OnBeanCondition.java:143)
	at org.springframework.boot.autoconfigure.condition.SpringBootCondition.matches(SpringBootCondition.java:47)
	... 17 common frames omitted
Caused by: java.lang.NoClassDefFoundError: org/springframework/security/aot/hint/SecurityHintsRegistrar
	at java.base/java.lang.Class.getDeclaredMethods0(Native Method)
	at java.base/java.lang.Class.privateGetDeclaredMethods(Class.java:3402)
	at java.base/java.lang.Class.getDeclaredMethods(Class.java:2504)
	at org.springframework.util.ReflectionUtils.getDeclaredMethods(ReflectionUtils.java:465)
	... 34 common frames omitted
Caused by: java.lang.ClassNotFoundException: org.springframework.security.aot.hint.SecurityHintsRegistrar
	at java.base/jdk.internal.loader.BuiltinClassLoader.loadClass(BuiltinClassLoader.java:641)
	at java.base/jdk.internal.loader.ClassLoaders$AppClassLoader.loadClass(ClassLoaders.java:188)
	at java.base/java.lang.ClassLoader.loadClass(ClassLoader.java:525)
	... 38 common frames omitted
2025-05-04 18:58:57 [main] ERROR o.s.boot.SpringApplication - Application run failed
java.lang.IllegalStateException: Error processing condition on org.springframework.boot.autoconfigure.context.PropertyPlaceholderAutoConfiguration.propertySourcesPlaceholderConfigurer
	at org.springframework.boot.autoconfigure.condition.SpringBootCondition.matches(SpringBootCondition.java:60)
	at org.springframework.context.annotation.ConditionEvaluator.shouldSkip(ConditionEvaluator.java:99)
	at org.springframework.context.annotation.ConfigurationClassBeanDefinitionReader.loadBeanDefinitionsForBeanMethod(ConfigurationClassBeanDefinitionReader.java:184)
	at org.springframework.context.annotation.ConfigurationClassBeanDefinitionReader.loadBeanDefinitionsForConfigurationClass(ConfigurationClassBeanDefinitionReader.java:145)
	at org.springframework.context.annotation.ConfigurationClassBeanDefinitionReader.loadBeanDefinitions(ConfigurationClassBeanDefinitionReader.java:121)
	at org.springframework.context.annotation.ConfigurationClassPostProcessor.processConfigBeanDefinitions(ConfigurationClassPostProcessor.java:430)
	at org.springframework.context.annotation.ConfigurationClassPostProcessor.postProcessBeanDefinitionRegistry(ConfigurationClassPostProcessor.java:290)
	at org.springframework.context.support.PostProcessorRegistrationDelegate.invokeBeanDefinitionRegistryPostProcessors(PostProcessorRegistrationDelegate.java:349)
	at org.springframework.context.support.PostProcessorRegistrationDelegate.invokeBeanFactoryPostProcessors(PostProcessorRegistrationDelegate.java:118)
	at org.springframework.context.support.AbstractApplicationContext.invokeBeanFactoryPostProcessors(AbstractApplicationContext.java:791)
	at org.springframework.context.support.AbstractApplicationContext.refresh(AbstractApplicationContext.java:609)
	at org.springframework.boot.web.servlet.context.ServletWebServerApplicationContext.refresh(ServletWebServerApplicationContext.java:146)
	at org.springframework.boot.SpringApplication.refresh(SpringApplication.java:752)
	at org.springframework.boot.SpringApplication.refreshContext(SpringApplication.java:439)
	at org.springframework.boot.SpringApplication.run(SpringApplication.java:318)
	at org.springframework.boot.SpringApplication.run(SpringApplication.java:1361)
	at org.springframework.boot.SpringApplication.run(SpringApplication.java:1350)
	at ru.senla.javacourse.mutovin.messanger.application.MessengerApplication.main(MessengerApplication.java:12)
Caused by: java.lang.IllegalStateException: Failed to introspect Class [org.springframework.security.config.annotation.method.configuration.PrePostMethodSecurityConfiguration] from ClassLoader [jdk.internal.loader.ClassLoaders$AppClassLoader@1d44bcfa]
	at org.springframework.util.ReflectionUtils.getDeclaredMethods(ReflectionUtils.java:483)
	at org.springframework.util.ReflectionUtils.doWithMethods(ReflectionUtils.java:360)
	at org.springframework.util.ReflectionUtils.getUniqueDeclaredMethods(ReflectionUtils.java:417)
	at org.springframework.beans.factory.support.AbstractAutowireCapableBeanFactory.lambda$getTypeForFactoryMethod$1(AbstractAutowireCapableBeanFactory.java:751)
	at java.base/java.util.concurrent.ConcurrentHashMap.computeIfAbsent(ConcurrentHashMap.java:1740)
	at org.springframework.beans.factory.support.AbstractAutowireCapableBeanFactory.getTypeForFactoryMethod(AbstractAutowireCapableBeanFactory.java:750)
	at org.springframework.beans.factory.support.AbstractAutowireCapableBeanFactory.determineTargetType(AbstractAutowireCapableBeanFactory.java:683)
	at org.springframework.beans.factory.support.AbstractAutowireCapableBeanFactory.predictBeanType(AbstractAutowireCapableBeanFactory.java:654)
	at org.springframework.beans.factory.support.AbstractBeanFactory.isFactoryBean(AbstractBeanFactory.java:1704)
	at org.springframework.beans.factory.support.DefaultListableBeanFactory.doGetBeanNamesForType(DefaultListableBeanFactory.java:618)
	at org.springframework.beans.factory.support.DefaultListableBeanFactory.getBeanNamesForType(DefaultListableBeanFactory.java:590)
	at org.springframework.boot.autoconfigure.condition.OnBeanCondition.collectBeanDefinitionsForType(OnBeanCondition.java:332)
	at org.springframework.boot.autoconfigure.condition.OnBeanCondition.getBeanDefinitionsForType(OnBeanCondition.java:324)
	at org.springframework.boot.autoconfigure.condition.OnBeanCondition.getBeanDefinitionsForType(OnBeanCondition.java:314)
	at org.springframework.boot.autoconfigure.condition.OnBeanCondition.getMatchingBeans(OnBeanCondition.java:213)
	at org.springframework.boot.autoconfigure.condition.OnBeanCondition.evaluateConditionalOnMissingBean(OnBeanCondition.java:196)
	at org.springframework.boot.autoconfigure.condition.OnBeanCondition.getMatchOutcome(OnBeanCondition.java:143)
	at org.springframework.boot.autoconfigure.condition.SpringBootCondition.matches(SpringBootCondition.java:47)
	... 17 common frames omitted
Caused by: java.lang.NoClassDefFoundError: org/springframework/security/aot/hint/SecurityHintsRegistrar
	at java.base/java.lang.Class.getDeclaredMethods0(Native Method)
	at java.base/java.lang.Class.privateGetDeclaredMethods(Class.java:3402)
	at java.base/java.lang.Class.getDeclaredMethods(Class.java:2504)
	at org.springframework.util.ReflectionUtils.getDeclaredMethods(ReflectionUtils.java:465)
	... 34 common frames omitted
Caused by: java.lang.ClassNotFoundException: org.springframework.security.aot.hint.SecurityHintsRegistrar
	at java.base/jdk.internal.loader.BuiltinClassLoader.loadClass(BuiltinClassLoader.java:641)
	at java.base/jdk.internal.loader.ClassLoaders$AppClassLoader.loadClass(ClassLoaders.java:188)
	at java.base/java.lang.ClassLoader.loadClass(ClassLoader.java:525)
	... 38 common frames omitted
2025-05-04 19:02:27 [main] ERROR o.s.boot.SpringApplication - Application run failed
java.lang.IllegalStateException: Error processing condition on org.springframework.boot.autoconfigure.context.PropertyPlaceholderAutoConfiguration.propertySourcesPlaceholderConfigurer
	at org.springframework.boot.autoconfigure.condition.SpringBootCondition.matches(SpringBootCondition.java:60)
	at org.springframework.context.annotation.ConditionEvaluator.shouldSkip(ConditionEvaluator.java:99)
	at org.springframework.context.annotation.ConfigurationClassBeanDefinitionReader.loadBeanDefinitionsForBeanMethod(ConfigurationClassBeanDefinitionReader.java:184)
	at org.springframework.context.annotation.ConfigurationClassBeanDefinitionReader.loadBeanDefinitionsForConfigurationClass(ConfigurationClassBeanDefinitionReader.java:145)
	at org.springframework.context.annotation.ConfigurationClassBeanDefinitionReader.loadBeanDefinitions(ConfigurationClassBeanDefinitionReader.java:121)
	at org.springframework.context.annotation.ConfigurationClassPostProcessor.processConfigBeanDefinitions(ConfigurationClassPostProcessor.java:430)
	at org.springframework.context.annotation.ConfigurationClassPostProcessor.postProcessBeanDefinitionRegistry(ConfigurationClassPostProcessor.java:290)
	at org.springframework.context.support.PostProcessorRegistrationDelegate.invokeBeanDefinitionRegistryPostProcessors(PostProcessorRegistrationDelegate.java:349)
	at org.springframework.context.support.PostProcessorRegistrationDelegate.invokeBeanFactoryPostProcessors(PostProcessorRegistrationDelegate.java:118)
	at org.springframework.context.support.AbstractApplicationContext.invokeBeanFactoryPostProcessors(AbstractApplicationContext.java:791)
	at org.springframework.context.support.AbstractApplicationContext.refresh(AbstractApplicationContext.java:609)
	at org.springframework.boot.web.servlet.context.ServletWebServerApplicationContext.refresh(ServletWebServerApplicationContext.java:146)
	at org.springframework.boot.SpringApplication.refresh(SpringApplication.java:752)
	at org.springframework.boot.SpringApplication.refreshContext(SpringApplication.java:439)
	at org.springframework.boot.SpringApplication.run(SpringApplication.java:318)
	at org.springframework.boot.SpringApplication.run(SpringApplication.java:1361)
	at org.springframework.boot.SpringApplication.run(SpringApplication.java:1350)
	at ru.senla.javacourse.mutovin.messanger.application.MessengerApplication.main(MessengerApplication.java:12)
Caused by: java.lang.IllegalStateException: Failed to introspect Class [org.springframework.security.config.annotation.method.configuration.PrePostMethodSecurityConfiguration] from ClassLoader [jdk.internal.loader.ClassLoaders$AppClassLoader@1d44bcfa]
	at org.springframework.util.ReflectionUtils.getDeclaredMethods(ReflectionUtils.java:483)
	at org.springframework.util.ReflectionUtils.doWithMethods(ReflectionUtils.java:360)
	at org.springframework.util.ReflectionUtils.getUniqueDeclaredMethods(ReflectionUtils.java:417)
	at org.springframework.beans.factory.support.AbstractAutowireCapableBeanFactory.lambda$getTypeForFactoryMethod$1(AbstractAutowireCapableBeanFactory.java:751)
	at java.base/java.util.concurrent.ConcurrentHashMap.computeIfAbsent(ConcurrentHashMap.java:1708)
	at org.springframework.beans.factory.support.AbstractAutowireCapableBeanFactory.getTypeForFactoryMethod(AbstractAutowireCapableBeanFactory.java:750)
	at org.springframework.beans.factory.support.AbstractAutowireCapableBeanFactory.determineTargetType(AbstractAutowireCapableBeanFactory.java:683)
	at org.springframework.beans.factory.support.AbstractAutowireCapableBeanFactory.predictBeanType(AbstractAutowireCapableBeanFactory.java:654)
	at org.springframework.beans.factory.support.AbstractBeanFactory.isFactoryBean(AbstractBeanFactory.java:1704)
	at org.springframework.beans.factory.support.DefaultListableBeanFactory.doGetBeanNamesForType(DefaultListableBeanFactory.java:618)
	at org.springframework.beans.factory.support.DefaultListableBeanFactory.getBeanNamesForType(DefaultListableBeanFactory.java:590)
	at org.springframework.boot.autoconfigure.condition.OnBeanCondition.collectBeanDefinitionsForType(OnBeanCondition.java:332)
	at org.springframework.boot.autoconfigure.condition.OnBeanCondition.getBeanDefinitionsForType(OnBeanCondition.java:324)
	at org.springframework.boot.autoconfigure.condition.OnBeanCondition.getBeanDefinitionsForType(OnBeanCondition.java:314)
	at org.springframework.boot.autoconfigure.condition.OnBeanCondition.getMatchingBeans(OnBeanCondition.java:213)
	at org.springframework.boot.autoconfigure.condition.OnBeanCondition.evaluateConditionalOnMissingBean(OnBeanCondition.java:196)
	at org.springframework.boot.autoconfigure.condition.OnBeanCondition.getMatchOutcome(OnBeanCondition.java:143)
	at org.springframework.boot.autoconfigure.condition.SpringBootCondition.matches(SpringBootCondition.java:47)
	... 17 common frames omitted
Caused by: java.lang.NoClassDefFoundError: org/springframework/security/aot/hint/SecurityHintsRegistrar
	at java.base/java.lang.Class.getDeclaredMethods0(Native Method)
	at java.base/java.lang.Class.privateGetDeclaredMethods(Class.java:3402)
	at java.base/java.lang.Class.getDeclaredMethods(Class.java:2504)
	at org.springframework.util.ReflectionUtils.getDeclaredMethods(ReflectionUtils.java:465)
	... 34 common frames omitted
Caused by: java.lang.ClassNotFoundException: org.springframework.security.aot.hint.SecurityHintsRegistrar
	at java.base/jdk.internal.loader.BuiltinClassLoader.loadClass(BuiltinClassLoader.java:641)
	at java.base/jdk.internal.loader.ClassLoaders$AppClassLoader.loadClass(ClassLoaders.java:188)
	at java.base/java.lang.ClassLoader.loadClass(ClassLoader.java:525)
	... 38 common frames omitted
2025-05-04 19:03:08 [main] ERROR o.s.boot.SpringApplication - Application run failed
java.lang.IllegalStateException: Error processing condition on org.springframework.boot.autoconfigure.context.PropertyPlaceholderAutoConfiguration.propertySourcesPlaceholderConfigurer
	at org.springframework.boot.autoconfigure.condition.SpringBootCondition.matches(SpringBootCondition.java:60)
	at org.springframework.context.annotation.ConditionEvaluator.shouldSkip(ConditionEvaluator.java:99)
	at org.springframework.context.annotation.ConfigurationClassBeanDefinitionReader.loadBeanDefinitionsForBeanMethod(ConfigurationClassBeanDefinitionReader.java:184)
	at org.springframework.context.annotation.ConfigurationClassBeanDefinitionReader.loadBeanDefinitionsForConfigurationClass(ConfigurationClassBeanDefinitionReader.java:145)
	at org.springframework.context.annotation.ConfigurationClassBeanDefinitionReader.loadBeanDefinitions(ConfigurationClassBeanDefinitionReader.java:121)
	at org.springframework.context.annotation.ConfigurationClassPostProcessor.processConfigBeanDefinitions(ConfigurationClassPostProcessor.java:430)
	at org.springframework.context.annotation.ConfigurationClassPostProcessor.postProcessBeanDefinitionRegistry(ConfigurationClassPostProcessor.java:290)
	at org.springframework.context.support.PostProcessorRegistrationDelegate.invokeBeanDefinitionRegistryPostProcessors(PostProcessorRegistrationDelegate.java:349)
	at org.springframework.context.support.PostProcessorRegistrationDelegate.invokeBeanFactoryPostProcessors(PostProcessorRegistrationDelegate.java:118)
	at org.springframework.context.support.AbstractApplicationContext.invokeBeanFactoryPostProcessors(AbstractApplicationContext.java:791)
	at org.springframework.context.support.AbstractApplicationContext.refresh(AbstractApplicationContext.java:609)
	at org.springframework.boot.web.servlet.context.ServletWebServerApplicationContext.refresh(ServletWebServerApplicationContext.java:146)
	at org.springframework.boot.SpringApplication.refresh(SpringApplication.java:752)
	at org.springframework.boot.SpringApplication.refreshContext(SpringApplication.java:439)
	at org.springframework.boot.SpringApplication.run(SpringApplication.java:318)
	at org.springframework.boot.SpringApplication.run(SpringApplication.java:1361)
	at org.springframework.boot.SpringApplication.run(SpringApplication.java:1350)
	at ru.senla.javacourse.mutovin.messanger.application.MessengerApplication.main(MessengerApplication.java:12)
Caused by: java.lang.IllegalStateException: Failed to introspect Class [org.springframework.security.config.annotation.method.configuration.PrePostMethodSecurityConfiguration] from ClassLoader [jdk.internal.loader.ClassLoaders$AppClassLoader@1d44bcfa]
	at org.springframework.util.ReflectionUtils.getDeclaredMethods(ReflectionUtils.java:483)
	at org.springframework.util.ReflectionUtils.doWithMethods(ReflectionUtils.java:360)
	at org.springframework.util.ReflectionUtils.getUniqueDeclaredMethods(ReflectionUtils.java:417)
	at org.springframework.beans.factory.support.AbstractAutowireCapableBeanFactory.lambda$getTypeForFactoryMethod$1(AbstractAutowireCapableBeanFactory.java:751)
	at java.base/java.util.concurrent.ConcurrentHashMap.computeIfAbsent(ConcurrentHashMap.java:1708)
	at org.springframework.beans.factory.support.AbstractAutowireCapableBeanFactory.getTypeForFactoryMethod(AbstractAutowireCapableBeanFactory.java:750)
	at org.springframework.beans.factory.support.AbstractAutowireCapableBeanFactory.determineTargetType(AbstractAutowireCapableBeanFactory.java:683)
	at org.springframework.beans.factory.support.AbstractAutowireCapableBeanFactory.predictBeanType(AbstractAutowireCapableBeanFactory.java:654)
	at org.springframework.beans.factory.support.AbstractBeanFactory.isFactoryBean(AbstractBeanFactory.java:1704)
	at org.springframework.beans.factory.support.DefaultListableBeanFactory.doGetBeanNamesForType(DefaultListableBeanFactory.java:618)
	at org.springframework.beans.factory.support.DefaultListableBeanFactory.getBeanNamesForType(DefaultListableBeanFactory.java:590)
	at org.springframework.boot.autoconfigure.condition.OnBeanCondition.collectBeanDefinitionsForType(OnBeanCondition.java:332)
	at org.springframework.boot.autoconfigure.condition.OnBeanCondition.getBeanDefinitionsForType(OnBeanCondition.java:324)
	at org.springframework.boot.autoconfigure.condition.OnBeanCondition.getBeanDefinitionsForType(OnBeanCondition.java:314)
	at org.springframework.boot.autoconfigure.condition.OnBeanCondition.getMatchingBeans(OnBeanCondition.java:213)
	at org.springframework.boot.autoconfigure.condition.OnBeanCondition.evaluateConditionalOnMissingBean(OnBeanCondition.java:196)
	at org.springframework.boot.autoconfigure.condition.OnBeanCondition.getMatchOutcome(OnBeanCondition.java:143)
	at org.springframework.boot.autoconfigure.condition.SpringBootCondition.matches(SpringBootCondition.java:47)
	... 17 common frames omitted
Caused by: java.lang.NoClassDefFoundError: org/springframework/security/aot/hint/SecurityHintsRegistrar
	at java.base/java.lang.Class.getDeclaredMethods0(Native Method)
	at java.base/java.lang.Class.privateGetDeclaredMethods(Class.java:3402)
	at java.base/java.lang.Class.getDeclaredMethods(Class.java:2504)
	at org.springframework.util.ReflectionUtils.getDeclaredMethods(ReflectionUtils.java:465)
	... 34 common frames omitted
Caused by: java.lang.ClassNotFoundException: org.springframework.security.aot.hint.SecurityHintsRegistrar
	at java.base/jdk.internal.loader.BuiltinClassLoader.loadClass(BuiltinClassLoader.java:641)
	at java.base/jdk.internal.loader.ClassLoaders$AppClassLoader.loadClass(ClassLoaders.java:188)
	at java.base/java.lang.ClassLoader.loadClass(ClassLoader.java:525)
	... 38 common frames omitted
2025-05-04 19:03:53 [main] ERROR o.s.boot.SpringApplication - Application run failed
java.lang.IllegalStateException: Error processing condition on org.springframework.boot.autoconfigure.context.PropertyPlaceholderAutoConfiguration.propertySourcesPlaceholderConfigurer
	at org.springframework.boot.autoconfigure.condition.SpringBootCondition.matches(SpringBootCondition.java:60)
	at org.springframework.context.annotation.ConditionEvaluator.shouldSkip(ConditionEvaluator.java:99)
	at org.springframework.context.annotation.ConfigurationClassBeanDefinitionReader.loadBeanDefinitionsForBeanMethod(ConfigurationClassBeanDefinitionReader.java:184)
	at org.springframework.context.annotation.ConfigurationClassBeanDefinitionReader.loadBeanDefinitionsForConfigurationClass(ConfigurationClassBeanDefinitionReader.java:145)
	at org.springframework.context.annotation.ConfigurationClassBeanDefinitionReader.loadBeanDefinitions(ConfigurationClassBeanDefinitionReader.java:121)
	at org.springframework.context.annotation.ConfigurationClassPostProcessor.processConfigBeanDefinitions(ConfigurationClassPostProcessor.java:430)
	at org.springframework.context.annotation.ConfigurationClassPostProcessor.postProcessBeanDefinitionRegistry(ConfigurationClassPostProcessor.java:290)
	at org.springframework.context.support.PostProcessorRegistrationDelegate.invokeBeanDefinitionRegistryPostProcessors(PostProcessorRegistrationDelegate.java:349)
	at org.springframework.context.support.PostProcessorRegistrationDelegate.invokeBeanFactoryPostProcessors(PostProcessorRegistrationDelegate.java:118)
	at org.springframework.context.support.AbstractApplicationContext.invokeBeanFactoryPostProcessors(AbstractApplicationContext.java:791)
	at org.springframework.context.support.AbstractApplicationContext.refresh(AbstractApplicationContext.java:609)
	at org.springframework.boot.web.servlet.context.ServletWebServerApplicationContext.refresh(ServletWebServerApplicationContext.java:146)
	at org.springframework.boot.SpringApplication.refresh(SpringApplication.java:752)
	at org.springframework.boot.SpringApplication.refreshContext(SpringApplication.java:439)
	at org.springframework.boot.SpringApplication.run(SpringApplication.java:318)
	at org.springframework.boot.SpringApplication.run(SpringApplication.java:1361)
	at org.springframework.boot.SpringApplication.run(SpringApplication.java:1350)
	at ru.senla.javacourse.mutovin.messanger.application.MessengerApplication.main(MessengerApplication.java:12)
Caused by: java.lang.IllegalStateException: Failed to introspect Class [org.springframework.security.config.annotation.method.configuration.PrePostMethodSecurityConfiguration] from ClassLoader [jdk.internal.loader.ClassLoaders$AppClassLoader@1d44bcfa]
	at org.springframework.util.ReflectionUtils.getDeclaredMethods(ReflectionUtils.java:483)
	at org.springframework.util.ReflectionUtils.doWithMethods(ReflectionUtils.java:360)
	at org.springframework.util.ReflectionUtils.getUniqueDeclaredMethods(ReflectionUtils.java:417)
	at org.springframework.beans.factory.support.AbstractAutowireCapableBeanFactory.lambda$getTypeForFactoryMethod$1(AbstractAutowireCapableBeanFactory.java:751)
	at java.base/java.util.concurrent.ConcurrentHashMap.computeIfAbsent(ConcurrentHashMap.java:1708)
	at org.springframework.beans.factory.support.AbstractAutowireCapableBeanFactory.getTypeForFactoryMethod(AbstractAutowireCapableBeanFactory.java:750)
	at org.springframework.beans.factory.support.AbstractAutowireCapableBeanFactory.determineTargetType(AbstractAutowireCapableBeanFactory.java:683)
	at org.springframework.beans.factory.support.AbstractAutowireCapableBeanFactory.predictBeanType(AbstractAutowireCapableBeanFactory.java:654)
	at org.springframework.beans.factory.support.AbstractBeanFactory.isFactoryBean(AbstractBeanFactory.java:1704)
	at org.springframework.beans.factory.support.DefaultListableBeanFactory.doGetBeanNamesForType(DefaultListableBeanFactory.java:618)
	at org.springframework.beans.factory.support.DefaultListableBeanFactory.getBeanNamesForType(DefaultListableBeanFactory.java:590)
	at org.springframework.boot.autoconfigure.condition.OnBeanCondition.collectBeanDefinitionsForType(OnBeanCondition.java:332)
	at org.springframework.boot.autoconfigure.condition.OnBeanCondition.getBeanDefinitionsForType(OnBeanCondition.java:324)
	at org.springframework.boot.autoconfigure.condition.OnBeanCondition.getBeanDefinitionsForType(OnBeanCondition.java:314)
	at org.springframework.boot.autoconfigure.condition.OnBeanCondition.getMatchingBeans(OnBeanCondition.java:213)
	at org.springframework.boot.autoconfigure.condition.OnBeanCondition.evaluateConditionalOnMissingBean(OnBeanCondition.java:196)
	at org.springframework.boot.autoconfigure.condition.OnBeanCondition.getMatchOutcome(OnBeanCondition.java:143)
	at org.springframework.boot.autoconfigure.condition.SpringBootCondition.matches(SpringBootCondition.java:47)
	... 17 common frames omitted
Caused by: java.lang.NoClassDefFoundError: org/springframework/security/aot/hint/SecurityHintsRegistrar
	at java.base/java.lang.Class.getDeclaredMethods0(Native Method)
	at java.base/java.lang.Class.privateGetDeclaredMethods(Class.java:3402)
	at java.base/java.lang.Class.getDeclaredMethods(Class.java:2504)
	at org.springframework.util.ReflectionUtils.getDeclaredMethods(ReflectionUtils.java:465)
	... 34 common frames omitted
Caused by: java.lang.ClassNotFoundException: org.springframework.security.aot.hint.SecurityHintsRegistrar
	at java.base/jdk.internal.loader.BuiltinClassLoader.loadClass(BuiltinClassLoader.java:641)
	at java.base/jdk.internal.loader.ClassLoaders$AppClassLoader.loadClass(ClassLoaders.java:188)
	at java.base/java.lang.ClassLoader.loadClass(ClassLoader.java:525)
	... 38 common frames omitted
2025-05-04 19:06:10 [main] ERROR o.s.boot.SpringApplication - Application run failed
java.lang.IllegalStateException: Error processing condition on org.springframework.boot.autoconfigure.context.PropertyPlaceholderAutoConfiguration.propertySourcesPlaceholderConfigurer
	at org.springframework.boot.autoconfigure.condition.SpringBootCondition.matches(SpringBootCondition.java:60)
	at org.springframework.context.annotation.ConditionEvaluator.shouldSkip(ConditionEvaluator.java:99)
	at org.springframework.context.annotation.ConfigurationClassBeanDefinitionReader.loadBeanDefinitionsForBeanMethod(ConfigurationClassBeanDefinitionReader.java:184)
	at org.springframework.context.annotation.ConfigurationClassBeanDefinitionReader.loadBeanDefinitionsForConfigurationClass(ConfigurationClassBeanDefinitionReader.java:145)
	at org.springframework.context.annotation.ConfigurationClassBeanDefinitionReader.loadBeanDefinitions(ConfigurationClassBeanDefinitionReader.java:121)
	at org.springframework.context.annotation.ConfigurationClassPostProcessor.processConfigBeanDefinitions(ConfigurationClassPostProcessor.java:430)
	at org.springframework.context.annotation.ConfigurationClassPostProcessor.postProcessBeanDefinitionRegistry(ConfigurationClassPostProcessor.java:290)
	at org.springframework.context.support.PostProcessorRegistrationDelegate.invokeBeanDefinitionRegistryPostProcessors(PostProcessorRegistrationDelegate.java:349)
	at org.springframework.context.support.PostProcessorRegistrationDelegate.invokeBeanFactoryPostProcessors(PostProcessorRegistrationDelegate.java:118)
	at org.springframework.context.support.AbstractApplicationContext.invokeBeanFactoryPostProcessors(AbstractApplicationContext.java:791)
	at org.springframework.context.support.AbstractApplicationContext.refresh(AbstractApplicationContext.java:609)
	at org.springframework.boot.web.servlet.context.ServletWebServerApplicationContext.refresh(ServletWebServerApplicationContext.java:146)
	at org.springframework.boot.SpringApplication.refresh(SpringApplication.java:752)
	at org.springframework.boot.SpringApplication.refreshContext(SpringApplication.java:439)
	at org.springframework.boot.SpringApplication.run(SpringApplication.java:318)
	at org.springframework.boot.SpringApplication.run(SpringApplication.java:1361)
	at org.springframework.boot.SpringApplication.run(SpringApplication.java:1350)
	at ru.senla.javacourse.mutovin.messanger.application.MessengerApplication.main(MessengerApplication.java:12)
Caused by: java.lang.IllegalStateException: Failed to introspect Class [org.springframework.security.config.annotation.method.configuration.PrePostMethodSecurityConfiguration] from ClassLoader [jdk.internal.loader.ClassLoaders$AppClassLoader@1d44bcfa]
	at org.springframework.util.ReflectionUtils.getDeclaredMethods(ReflectionUtils.java:483)
	at org.springframework.util.ReflectionUtils.doWithMethods(ReflectionUtils.java:360)
	at org.springframework.util.ReflectionUtils.getUniqueDeclaredMethods(ReflectionUtils.java:417)
	at org.springframework.beans.factory.support.AbstractAutowireCapableBeanFactory.lambda$getTypeForFactoryMethod$1(AbstractAutowireCapableBeanFactory.java:751)
	at java.base/java.util.concurrent.ConcurrentHashMap.computeIfAbsent(ConcurrentHashMap.java:1708)
	at org.springframework.beans.factory.support.AbstractAutowireCapableBeanFactory.getTypeForFactoryMethod(AbstractAutowireCapableBeanFactory.java:750)
	at org.springframework.beans.factory.support.AbstractAutowireCapableBeanFactory.determineTargetType(AbstractAutowireCapableBeanFactory.java:683)
	at org.springframework.beans.factory.support.AbstractAutowireCapableBeanFactory.predictBeanType(AbstractAutowireCapableBeanFactory.java:654)
	at org.springframework.beans.factory.support.AbstractBeanFactory.isFactoryBean(AbstractBeanFactory.java:1704)
	at org.springframework.beans.factory.support.DefaultListableBeanFactory.doGetBeanNamesForType(DefaultListableBeanFactory.java:618)
	at org.springframework.beans.factory.support.DefaultListableBeanFactory.getBeanNamesForType(DefaultListableBeanFactory.java:590)
	at org.springframework.boot.autoconfigure.condition.OnBeanCondition.collectBeanDefinitionsForType(OnBeanCondition.java:332)
	at org.springframework.boot.autoconfigure.condition.OnBeanCondition.getBeanDefinitionsForType(OnBeanCondition.java:324)
	at org.springframework.boot.autoconfigure.condition.OnBeanCondition.getBeanDefinitionsForType(OnBeanCondition.java:314)
	at org.springframework.boot.autoconfigure.condition.OnBeanCondition.getMatchingBeans(OnBeanCondition.java:213)
	at org.springframework.boot.autoconfigure.condition.OnBeanCondition.evaluateConditionalOnMissingBean(OnBeanCondition.java:196)
	at org.springframework.boot.autoconfigure.condition.OnBeanCondition.getMatchOutcome(OnBeanCondition.java:143)
	at org.springframework.boot.autoconfigure.condition.SpringBootCondition.matches(SpringBootCondition.java:47)
	... 17 common frames omitted
Caused by: java.lang.NoClassDefFoundError: org/springframework/security/aot/hint/SecurityHintsRegistrar
	at java.base/java.lang.Class.getDeclaredMethods0(Native Method)
	at java.base/java.lang.Class.privateGetDeclaredMethods(Class.java:3402)
	at java.base/java.lang.Class.getDeclaredMethods(Class.java:2504)
	at org.springframework.util.ReflectionUtils.getDeclaredMethods(ReflectionUtils.java:465)
	... 34 common frames omitted
Caused by: java.lang.ClassNotFoundException: org.springframework.security.aot.hint.SecurityHintsRegistrar
	at java.base/jdk.internal.loader.BuiltinClassLoader.loadClass(BuiltinClassLoader.java:641)
	at java.base/jdk.internal.loader.ClassLoaders$AppClassLoader.loadClass(ClassLoaders.java:188)
	at java.base/java.lang.ClassLoader.loadClass(ClassLoader.java:525)
	... 38 common frames omitted
2025-05-04 19:09:53 [main] ERROR o.s.b.d.LoggingFailureAnalysisReporter - 

***************************
APPLICATION FAILED TO START
***************************

Description:

Failed to configure a DataSource: 'url' attribute is not specified and no embedded datasource could be configured.

Reason: Failed to determine a suitable driver class


Action:

Consider the following:
	If you want an embedded database (H2, HSQL or Derby), please put it on the classpath.
	If you have database settings to be loaded from a particular profile you may need to activate it (no profiles are currently active).

2025-05-04 19:21:05 [main] ERROR o.s.b.d.LoggingFailureAnalysisReporter - 

***************************
APPLICATION FAILED TO START
***************************

Description:

Failed to configure a DataSource: 'url' attribute is not specified and no embedded datasource could be configured.

Reason: Failed to determine a suitable driver class


Action:

Consider the following:
	If you want an embedded database (H2, HSQL or Derby), please put it on the classpath.
	If you have database settings to be loaded from a particular profile you may need to activate it (no profiles are currently active).

2025-05-04 19:47:04 [main] ERROR o.s.boot.SpringApplication - Application run failed
java.lang.IllegalStateException: Unable to load config data from 'file:../.env'
	at org.springframework.boot.context.config.StandardConfigDataLocationResolver.getReferences(StandardConfigDataLocationResolver.java:143)
	at org.springframework.boot.context.config.StandardConfigDataLocationResolver.getReferences(StandardConfigDataLocationResolver.java:128)
	at org.springframework.boot.context.config.StandardConfigDataLocationResolver.resolve(StandardConfigDataLocationResolver.java:121)
	at org.springframework.boot.context.config.ConfigDataLocationResolvers.lambda$resolve$1(ConfigDataLocationResolvers.java:102)
	at org.springframework.boot.context.config.ConfigDataLocationResolvers.resolve(ConfigDataLocationResolvers.java:113)
	at org.springframework.boot.context.config.ConfigDataLocationResolvers.resolve(ConfigDataLocationResolvers.java:102)
	at org.springframework.boot.context.config.ConfigDataLocationResolvers.resolve(ConfigDataLocationResolvers.java:94)
	at org.springframework.boot.context.config.ConfigDataImporter.resolve(ConfigDataImporter.java:106)
	at org.springframework.boot.context.config.ConfigDataImporter.resolve(ConfigDataImporter.java:98)
	at org.springframework.boot.context.config.ConfigDataImporter.resolveAndLoad(ConfigDataImporter.java:86)
	at org.springframework.boot.context.config.ConfigDataEnvironmentContributors.withProcessedImports(ConfigDataEnvironmentContributors.java:115)
	at org.springframework.boot.context.config.ConfigDataEnvironment.processInitial(ConfigDataEnvironment.java:242)
	at org.springframework.boot.context.config.ConfigDataEnvironment.processAndApply(ConfigDataEnvironment.java:229)
	at org.springframework.boot.context.config.ConfigDataEnvironmentPostProcessor.postProcessEnvironment(ConfigDataEnvironmentPostProcessor.java:96)
	at org.springframework.boot.context.config.ConfigDataEnvironmentPostProcessor.postProcessEnvironment(ConfigDataEnvironmentPostProcessor.java:89)
	at org.springframework.boot.env.EnvironmentPostProcessorApplicationListener.onApplicationEnvironmentPreparedEvent(EnvironmentPostProcessorApplicationListener.java:109)
	at org.springframework.boot.env.EnvironmentPostProcessorApplicationListener.onApplicationEvent(EnvironmentPostProcessorApplicationListener.java:94)
	at org.springframework.context.event.SimpleApplicationEventMulticaster.doInvokeListener(SimpleApplicationEventMulticaster.java:185)
	at org.springframework.context.event.SimpleApplicationEventMulticaster.invokeListener(SimpleApplicationEventMulticaster.java:178)
	at org.springframework.context.event.SimpleApplicationEventMulticaster.multicastEvent(SimpleApplicationEventMulticaster.java:156)
	at org.springframework.context.event.SimpleApplicationEventMulticaster.multicastEvent(SimpleApplicationEventMulticaster.java:138)
	at org.springframework.boot.context.event.EventPublishingRunListener.multicastInitialEvent(EventPublishingRunListener.java:136)
	at org.springframework.boot.context.event.EventPublishingRunListener.environmentPrepared(EventPublishingRunListener.java:81)
	at org.springframework.boot.SpringApplicationRunListeners.lambda$environmentPrepared$2(SpringApplicationRunListeners.java:64)
	at java.base/java.lang.Iterable.forEach(Iterable.java:75)
	at org.springframework.boot.SpringApplicationRunListeners.doWithListeners(SpringApplicationRunListeners.java:118)
	at org.springframework.boot.SpringApplicationRunListeners.doWithListeners(SpringApplicationRunListeners.java:112)
	at org.springframework.boot.SpringApplicationRunListeners.environmentPrepared(SpringApplicationRunListeners.java:63)
	at org.springframework.boot.SpringApplication.prepareEnvironment(SpringApplication.java:369)
	at org.springframework.boot.SpringApplication.run(SpringApplication.java:329)
	at org.springframework.boot.SpringApplication.run(SpringApplication.java:1354)
	at org.springframework.boot.SpringApplication.run(SpringApplication.java:1343)
	at ru.senla.javacourse.mutovin.messanger.application.MessengerApplication.main(MessengerApplication.java:12)
Caused by: java.lang.IllegalStateException: File extension is not known to any PropertySourceLoader. If the location is meant to reference a directory, it must end in '/' or File.separator
	at org.springframework.boot.context.config.StandardConfigDataLocationResolver.getReferencesForFile(StandardConfigDataLocationResolver.java:234)
	at org.springframework.boot.context.config.StandardConfigDataLocationResolver.getReferences(StandardConfigDataLocationResolver.java:140)
	... 32 common frames omitted
2025-05-04 19:47:40 [main] ERROR o.s.boot.SpringApplication - Application run failed
java.lang.IllegalStateException: Unable to load config data from 'file:../.env'
	at org.springframework.boot.context.config.StandardConfigDataLocationResolver.getReferences(StandardConfigDataLocationResolver.java:143)
	at org.springframework.boot.context.config.StandardConfigDataLocationResolver.getReferences(StandardConfigDataLocationResolver.java:128)
	at org.springframework.boot.context.config.StandardConfigDataLocationResolver.resolve(StandardConfigDataLocationResolver.java:121)
	at org.springframework.boot.context.config.ConfigDataLocationResolvers.lambda$resolve$1(ConfigDataLocationResolvers.java:102)
	at org.springframework.boot.context.config.ConfigDataLocationResolvers.resolve(ConfigDataLocationResolvers.java:113)
	at org.springframework.boot.context.config.ConfigDataLocationResolvers.resolve(ConfigDataLocationResolvers.java:102)
	at org.springframework.boot.context.config.ConfigDataLocationResolvers.resolve(ConfigDataLocationResolvers.java:94)
	at org.springframework.boot.context.config.ConfigDataImporter.resolve(ConfigDataImporter.java:106)
	at org.springframework.boot.context.config.ConfigDataImporter.resolve(ConfigDataImporter.java:98)
	at org.springframework.boot.context.config.ConfigDataImporter.resolveAndLoad(ConfigDataImporter.java:86)
	at org.springframework.boot.context.config.ConfigDataEnvironmentContributors.withProcessedImports(ConfigDataEnvironmentContributors.java:115)
	at org.springframework.boot.context.config.ConfigDataEnvironment.processInitial(ConfigDataEnvironment.java:242)
	at org.springframework.boot.context.config.ConfigDataEnvironment.processAndApply(ConfigDataEnvironment.java:229)
	at org.springframework.boot.context.config.ConfigDataEnvironmentPostProcessor.postProcessEnvironment(ConfigDataEnvironmentPostProcessor.java:96)
	at org.springframework.boot.context.config.ConfigDataEnvironmentPostProcessor.postProcessEnvironment(ConfigDataEnvironmentPostProcessor.java:89)
	at org.springframework.boot.env.EnvironmentPostProcessorApplicationListener.onApplicationEnvironmentPreparedEvent(EnvironmentPostProcessorApplicationListener.java:109)
	at org.springframework.boot.env.EnvironmentPostProcessorApplicationListener.onApplicationEvent(EnvironmentPostProcessorApplicationListener.java:94)
	at org.springframework.context.event.SimpleApplicationEventMulticaster.doInvokeListener(SimpleApplicationEventMulticaster.java:185)
	at org.springframework.context.event.SimpleApplicationEventMulticaster.invokeListener(SimpleApplicationEventMulticaster.java:178)
	at org.springframework.context.event.SimpleApplicationEventMulticaster.multicastEvent(SimpleApplicationEventMulticaster.java:156)
	at org.springframework.context.event.SimpleApplicationEventMulticaster.multicastEvent(SimpleApplicationEventMulticaster.java:138)
	at org.springframework.boot.context.event.EventPublishingRunListener.multicastInitialEvent(EventPublishingRunListener.java:136)
	at org.springframework.boot.context.event.EventPublishingRunListener.environmentPrepared(EventPublishingRunListener.java:81)
	at org.springframework.boot.SpringApplicationRunListeners.lambda$environmentPrepared$2(SpringApplicationRunListeners.java:64)
	at java.base/java.lang.Iterable.forEach(Iterable.java:75)
	at org.springframework.boot.SpringApplicationRunListeners.doWithListeners(SpringApplicationRunListeners.java:118)
	at org.springframework.boot.SpringApplicationRunListeners.doWithListeners(SpringApplicationRunListeners.java:112)
	at org.springframework.boot.SpringApplicationRunListeners.environmentPrepared(SpringApplicationRunListeners.java:63)
	at org.springframework.boot.SpringApplication.prepareEnvironment(SpringApplication.java:369)
	at org.springframework.boot.SpringApplication.run(SpringApplication.java:329)
	at org.springframework.boot.SpringApplication.run(SpringApplication.java:1354)
	at org.springframework.boot.SpringApplication.run(SpringApplication.java:1343)
	at ru.senla.javacourse.mutovin.messanger.application.MessengerApplication.main(MessengerApplication.java:12)
Caused by: java.lang.IllegalStateException: File extension is not known to any PropertySourceLoader. If the location is meant to reference a directory, it must end in '/' or File.separator
	at org.springframework.boot.context.config.StandardConfigDataLocationResolver.getReferencesForFile(StandardConfigDataLocationResolver.java:234)
	at org.springframework.boot.context.config.StandardConfigDataLocationResolver.getReferences(StandardConfigDataLocationResolver.java:140)
	... 32 common frames omitted
2025-05-04 19:55:32 [main] ERROR o.s.b.d.LoggingFailureAnalysisReporter - 

***************************
APPLICATION FAILED TO START
***************************

Description:

A component required a bean named 'entityManagerFactory' that could not be found.


Action:

Consider defining a bean named 'entityManagerFactory' in your configuration.

2025-05-04 20:00:46 [main] ERROR o.s.b.w.e.tomcat.TomcatStarter - Error starting Tomcat context. Exception: org.springframework.beans.factory.UnsatisfiedDependencyException. Message: Error creating bean with name 'jwtAuthenticationFilter' defined in file [C:\Users\tanki\pet-projects\Messenger\messenger-impl\target\classes\ru\senla\javacourse\mutovin\messenger\impl\utils\JwtAuthenticationFilter.class]: Unsatisfied dependency expressed through constructor parameter 0: Error creating bean with name 'jwtServiceImpl': Injection of autowired dependencies failed
2025-05-04 20:00:47 [main] ERROR o.s.boot.SpringApplication - Application run failed
org.springframework.context.ApplicationContextException: Unable to start web server
	at org.springframework.boot.web.servlet.context.ServletWebServerApplicationContext.onRefresh(ServletWebServerApplicationContext.java:165)
	at org.springframework.context.support.AbstractApplicationContext.refresh(AbstractApplicationContext.java:618)
	at org.springframework.boot.web.servlet.context.ServletWebServerApplicationContext.refresh(ServletWebServerApplicationContext.java:146)
	at org.springframework.boot.SpringApplication.refresh(SpringApplication.java:754)
	at org.springframework.boot.SpringApplication.refreshContext(SpringApplication.java:456)
	at org.springframework.boot.SpringApplication.run(SpringApplication.java:334)
	at org.springframework.boot.SpringApplication.run(SpringApplication.java:1354)
	at org.springframework.boot.SpringApplication.run(SpringApplication.java:1343)
	at ru.senla.javacourse.mutovin.messanger.application.MessengerApplication.main(MessengerApplication.java:12)
Caused by: org.springframework.boot.web.server.WebServerException: Unable to start embedded Tomcat
	at org.springframework.boot.web.embedded.tomcat.TomcatWebServer.initialize(TomcatWebServer.java:145)
	at org.springframework.boot.web.embedded.tomcat.TomcatWebServer.<init>(TomcatWebServer.java:105)
	at org.springframework.boot.web.embedded.tomcat.TomcatServletWebServerFactory.getTomcatWebServer(TomcatServletWebServerFactory.java:499)
	at org.springframework.boot.web.embedded.tomcat.TomcatServletWebServerFactory.getWebServer(TomcatServletWebServerFactory.java:218)
	at org.springframework.boot.web.servlet.context.ServletWebServerApplicationContext.createWebServer(ServletWebServerApplicationContext.java:188)
	at org.springframework.boot.web.servlet.context.ServletWebServerApplicationContext.onRefresh(ServletWebServerApplicationContext.java:162)
	... 8 common frames omitted
Caused by: org.springframework.beans.factory.UnsatisfiedDependencyException: Error creating bean with name 'jwtAuthenticationFilter' defined in file [C:\Users\tanki\pet-projects\Messenger\messenger-impl\target\classes\ru\senla\javacourse\mutovin\messenger\impl\utils\JwtAuthenticationFilter.class]: Unsatisfied dependency expressed through constructor parameter 0: Error creating bean with name 'jwtServiceImpl': Injection of autowired dependencies failed
	at org.springframework.beans.factory.support.ConstructorResolver.createArgumentArray(ConstructorResolver.java:795)
	at org.springframework.beans.factory.support.ConstructorResolver.autowireConstructor(ConstructorResolver.java:237)
	at org.springframework.beans.factory.support.AbstractAutowireCapableBeanFactory.autowireConstructor(AbstractAutowireCapableBeanFactory.java:1355)
	at org.springframework.beans.factory.support.AbstractAutowireCapableBeanFactory.createBeanInstance(AbstractAutowireCapableBeanFactory.java:1192)
	at org.springframework.beans.factory.support.AbstractAutowireCapableBeanFactory.doCreateBean(AbstractAutowireCapableBeanFactory.java:562)
	at org.springframework.beans.factory.support.AbstractAutowireCapableBeanFactory.createBean(AbstractAutowireCapableBeanFactory.java:522)
	at org.springframework.beans.factory.support.AbstractBeanFactory.lambda$doGetBean$0(AbstractBeanFactory.java:326)
	at org.springframework.beans.factory.support.DefaultSingletonBeanRegistry.getSingleton(DefaultSingletonBeanRegistry.java:234)
	at org.springframework.beans.factory.support.AbstractBeanFactory.doGetBean(AbstractBeanFactory.java:324)
	at org.springframework.beans.factory.support.AbstractBeanFactory.getBean(AbstractBeanFactory.java:205)
	at org.springframework.boot.web.servlet.ServletContextInitializerBeans.getOrderedBeansOfType(ServletContextInitializerBeans.java:210)
	at org.springframework.boot.web.servlet.ServletContextInitializerBeans.addAsRegistrationBean(ServletContextInitializerBeans.java:173)
	at org.springframework.boot.web.servlet.ServletContextInitializerBeans.addAsRegistrationBean(ServletContextInitializerBeans.java:168)
	at org.springframework.boot.web.servlet.ServletContextInitializerBeans.addAdaptableBeans(ServletContextInitializerBeans.java:153)
	at org.springframework.boot.web.servlet.ServletContextInitializerBeans.<init>(ServletContextInitializerBeans.java:86)
	at org.springframework.boot.web.servlet.context.ServletWebServerApplicationContext.getServletContextInitializerBeans(ServletWebServerApplicationContext.java:266)
	at org.springframework.boot.web.servlet.context.ServletWebServerApplicationContext.selfInitialize(ServletWebServerApplicationContext.java:240)
	at org.springframework.boot.web.embedded.tomcat.TomcatStarter.onStartup(TomcatStarter.java:52)
	at org.apache.catalina.core.StandardContext.startInternal(StandardContext.java:4880)
	at org.apache.catalina.util.LifecycleBase.start(LifecycleBase.java:171)
	at org.apache.catalina.core.ContainerBase$StartChild.call(ContainerBase.java:1332)
	at org.apache.catalina.core.ContainerBase$StartChild.call(ContainerBase.java:1322)
	at java.base/java.util.concurrent.FutureTask.run(FutureTask.java:264)
	at org.apache.tomcat.util.threads.InlineExecutorService.execute(InlineExecutorService.java:75)
	at java.base/java.util.concurrent.AbstractExecutorService.submit(AbstractExecutorService.java:145)
	at org.apache.catalina.core.ContainerBase.startInternal(ContainerBase.java:866)
	at org.apache.catalina.core.StandardHost.startInternal(StandardHost.java:845)
	at org.apache.catalina.util.LifecycleBase.start(LifecycleBase.java:171)
	at org.apache.catalina.core.ContainerBase$StartChild.call(ContainerBase.java:1332)
	at org.apache.catalina.core.ContainerBase$StartChild.call(ContainerBase.java:1322)
	at java.base/java.util.concurrent.FutureTask.run(FutureTask.java:264)
	at org.apache.tomcat.util.threads.InlineExecutorService.execute(InlineExecutorService.java:75)
	at java.base/java.util.concurrent.AbstractExecutorService.submit(AbstractExecutorService.java:145)
	at org.apache.catalina.core.ContainerBase.startInternal(ContainerBase.java:866)
	at org.apache.catalina.core.StandardEngine.startInternal(StandardEngine.java:240)
	at org.apache.catalina.util.LifecycleBase.start(LifecycleBase.java:171)
	at org.apache.catalina.core.StandardService.startInternal(StandardService.java:433)
	at org.apache.catalina.util.LifecycleBase.start(LifecycleBase.java:171)
	at org.apache.catalina.core.StandardServer.startInternal(StandardServer.java:921)
	at org.apache.catalina.util.LifecycleBase.start(LifecycleBase.java:171)
	at org.apache.catalina.startup.Tomcat.start(Tomcat.java:437)
	at org.springframework.boot.web.embedded.tomcat.TomcatWebServer.initialize(TomcatWebServer.java:126)
	... 13 common frames omitted
Caused by: org.springframework.beans.factory.BeanCreationException: Error creating bean with name 'jwtServiceImpl': Injection of autowired dependencies failed
	at org.springframework.beans.factory.annotation.AutowiredAnnotationBeanPostProcessor.postProcessProperties(AutowiredAnnotationBeanPostProcessor.java:514)
	at org.springframework.beans.factory.support.AbstractAutowireCapableBeanFactory.populateBean(AbstractAutowireCapableBeanFactory.java:1419)
	at org.springframework.beans.factory.support.AbstractAutowireCapableBeanFactory.doCreateBean(AbstractAutowireCapableBeanFactory.java:599)
	at org.springframework.beans.factory.support.AbstractAutowireCapableBeanFactory.createBean(AbstractAutowireCapableBeanFactory.java:522)
	at org.springframework.beans.factory.support.AbstractBeanFactory.lambda$doGetBean$0(AbstractBeanFactory.java:326)
	at org.springframework.beans.factory.support.DefaultSingletonBeanRegistry.getSingleton(DefaultSingletonBeanRegistry.java:234)
	at org.springframework.beans.factory.support.AbstractBeanFactory.doGetBean(AbstractBeanFactory.java:324)
	at org.springframework.beans.factory.support.AbstractBeanFactory.getBean(AbstractBeanFactory.java:200)
	at org.springframework.beans.factory.config.DependencyDescriptor.resolveCandidate(DependencyDescriptor.java:254)
	at org.springframework.beans.factory.support.DefaultListableBeanFactory.doResolveDependency(DefaultListableBeanFactory.java:1443)
	at org.springframework.beans.factory.support.DefaultListableBeanFactory.resolveDependency(DefaultListableBeanFactory.java:1353)
	at org.springframework.beans.factory.support.ConstructorResolver.resolveAutowiredArgument(ConstructorResolver.java:904)
	at org.springframework.beans.factory.support.ConstructorResolver.createArgumentArray(ConstructorResolver.java:782)
	... 54 common frames omitted
Caused by: java.lang.IllegalArgumentException: Could not resolve placeholder 'JWT_SECRET' in value "${JWT_SECRET}"
	at org.springframework.util.PropertyPlaceholderHelper.parseStringValue(PropertyPlaceholderHelper.java:180)
	at org.springframework.util.PropertyPlaceholderHelper.replacePlaceholders(PropertyPlaceholderHelper.java:126)
	at org.springframework.core.env.AbstractPropertyResolver.doResolvePlaceholders(AbstractPropertyResolver.java:239)
	at org.springframework.core.env.AbstractPropertyResolver.resolveRequiredPlaceholders(AbstractPropertyResolver.java:210)
	at org.springframework.core.env.AbstractPropertyResolver.resolveNestedPlaceholders(AbstractPropertyResolver.java:230)
	at org.springframework.boot.context.properties.source.ConfigurationPropertySourcesPropertyResolver.getProperty(ConfigurationPropertySourcesPropertyResolver.java:80)
	at org.springframework.boot.context.properties.source.ConfigurationPropertySourcesPropertyResolver.getProperty(ConfigurationPropertySourcesPropertyResolver.java:61)
	at org.springframework.core.env.AbstractEnvironment.getProperty(AbstractEnvironment.java:552)
	at org.springframework.context.support.PropertySourcesPlaceholderConfigurer$1.getProperty(PropertySourcesPlaceholderConfigurer.java:153)
	at org.springframework.context.support.PropertySourcesPlaceholderConfigurer$1.getProperty(PropertySourcesPlaceholderConfigurer.java:149)
	at org.springframework.core.env.PropertySourcesPropertyResolver.getProperty(PropertySourcesPropertyResolver.java:85)
	at org.springframework.core.env.PropertySourcesPropertyResolver.getPropertyAsRawString(PropertySourcesPropertyResolver.java:74)
	at org.springframework.util.PropertyPlaceholderHelper.parseStringValue(PropertyPlaceholderHelper.java:153)
	at org.springframework.util.PropertyPlaceholderHelper.replacePlaceholders(PropertyPlaceholderHelper.java:126)
	at org.springframework.core.env.AbstractPropertyResolver.doResolvePlaceholders(AbstractPropertyResolver.java:239)
	at org.springframework.core.env.AbstractPropertyResolver.resolveRequiredPlaceholders(AbstractPropertyResolver.java:210)
	at org.springframework.context.support.PropertySourcesPlaceholderConfigurer.lambda$processProperties$0(PropertySourcesPlaceholderConfigurer.java:200)
	at org.springframework.beans.factory.support.AbstractBeanFactory.resolveEmbeddedValue(AbstractBeanFactory.java:953)
	at org.springframework.beans.factory.support.DefaultListableBeanFactory.doResolveDependency(DefaultListableBeanFactory.java:1374)
	at org.springframework.beans.factory.support.DefaultListableBeanFactory.resolveDependency(DefaultListableBeanFactory.java:1353)
	at org.springframework.beans.factory.annotation.AutowiredAnnotationBeanPostProcessor$AutowiredFieldElement.resolveFieldValue(AutowiredAnnotationBeanPostProcessor.java:784)
	at org.springframework.beans.factory.annotation.AutowiredAnnotationBeanPostProcessor$AutowiredFieldElement.inject(AutowiredAnnotationBeanPostProcessor.java:767)
	at org.springframework.beans.factory.annotation.InjectionMetadata.inject(InjectionMetadata.java:145)
	at org.springframework.beans.factory.annotation.AutowiredAnnotationBeanPostProcessor.postProcessProperties(AutowiredAnnotationBeanPostProcessor.java:508)
	... 66 common frames omitted
2025-05-04 20:01:55 [main] ERROR o.s.b.w.e.tomcat.TomcatStarter - Error starting Tomcat context. Exception: org.springframework.beans.factory.UnsatisfiedDependencyException. Message: Error creating bean with name 'jwtAuthenticationFilter' defined in file [C:\Users\tanki\pet-projects\Messenger\messenger-impl\target\classes\ru\senla\javacourse\mutovin\messenger\impl\utils\JwtAuthenticationFilter.class]: Unsatisfied dependency expressed through constructor parameter 0: Error creating bean with name 'jwtServiceImpl': Injection of autowired dependencies failed
2025-05-04 20:01:55 [main] ERROR o.s.boot.SpringApplication - Application run failed
org.springframework.context.ApplicationContextException: Unable to start web server
	at org.springframework.boot.web.servlet.context.ServletWebServerApplicationContext.onRefresh(ServletWebServerApplicationContext.java:165)
	at org.springframework.context.support.AbstractApplicationContext.refresh(AbstractApplicationContext.java:618)
	at org.springframework.boot.web.servlet.context.ServletWebServerApplicationContext.refresh(ServletWebServerApplicationContext.java:146)
	at org.springframework.boot.SpringApplication.refresh(SpringApplication.java:754)
	at org.springframework.boot.SpringApplication.refreshContext(SpringApplication.java:456)
	at org.springframework.boot.SpringApplication.run(SpringApplication.java:334)
	at org.springframework.boot.SpringApplication.run(SpringApplication.java:1354)
	at org.springframework.boot.SpringApplication.run(SpringApplication.java:1343)
	at ru.senla.javacourse.mutovin.messanger.application.MessengerApplication.main(MessengerApplication.java:12)
Caused by: org.springframework.boot.web.server.WebServerException: Unable to start embedded Tomcat
	at org.springframework.boot.web.embedded.tomcat.TomcatWebServer.initialize(TomcatWebServer.java:145)
	at org.springframework.boot.web.embedded.tomcat.TomcatWebServer.<init>(TomcatWebServer.java:105)
	at org.springframework.boot.web.embedded.tomcat.TomcatServletWebServerFactory.getTomcatWebServer(TomcatServletWebServerFactory.java:499)
	at org.springframework.boot.web.embedded.tomcat.TomcatServletWebServerFactory.getWebServer(TomcatServletWebServerFactory.java:218)
	at org.springframework.boot.web.servlet.context.ServletWebServerApplicationContext.createWebServer(ServletWebServerApplicationContext.java:188)
	at org.springframework.boot.web.servlet.context.ServletWebServerApplicationContext.onRefresh(ServletWebServerApplicationContext.java:162)
	... 8 common frames omitted
Caused by: org.springframework.beans.factory.UnsatisfiedDependencyException: Error creating bean with name 'jwtAuthenticationFilter' defined in file [C:\Users\tanki\pet-projects\Messenger\messenger-impl\target\classes\ru\senla\javacourse\mutovin\messenger\impl\utils\JwtAuthenticationFilter.class]: Unsatisfied dependency expressed through constructor parameter 0: Error creating bean with name 'jwtServiceImpl': Injection of autowired dependencies failed
	at org.springframework.beans.factory.support.ConstructorResolver.createArgumentArray(ConstructorResolver.java:795)
	at org.springframework.beans.factory.support.ConstructorResolver.autowireConstructor(ConstructorResolver.java:237)
	at org.springframework.beans.factory.support.AbstractAutowireCapableBeanFactory.autowireConstructor(AbstractAutowireCapableBeanFactory.java:1355)
	at org.springframework.beans.factory.support.AbstractAutowireCapableBeanFactory.createBeanInstance(AbstractAutowireCapableBeanFactory.java:1192)
	at org.springframework.beans.factory.support.AbstractAutowireCapableBeanFactory.doCreateBean(AbstractAutowireCapableBeanFactory.java:562)
	at org.springframework.beans.factory.support.AbstractAutowireCapableBeanFactory.createBean(AbstractAutowireCapableBeanFactory.java:522)
	at org.springframework.beans.factory.support.AbstractBeanFactory.lambda$doGetBean$0(AbstractBeanFactory.java:326)
	at org.springframework.beans.factory.support.DefaultSingletonBeanRegistry.getSingleton(DefaultSingletonBeanRegistry.java:234)
	at org.springframework.beans.factory.support.AbstractBeanFactory.doGetBean(AbstractBeanFactory.java:324)
	at org.springframework.beans.factory.support.AbstractBeanFactory.getBean(AbstractBeanFactory.java:205)
	at org.springframework.boot.web.servlet.ServletContextInitializerBeans.getOrderedBeansOfType(ServletContextInitializerBeans.java:210)
	at org.springframework.boot.web.servlet.ServletContextInitializerBeans.addAsRegistrationBean(ServletContextInitializerBeans.java:173)
	at org.springframework.boot.web.servlet.ServletContextInitializerBeans.addAsRegistrationBean(ServletContextInitializerBeans.java:168)
	at org.springframework.boot.web.servlet.ServletContextInitializerBeans.addAdaptableBeans(ServletContextInitializerBeans.java:153)
	at org.springframework.boot.web.servlet.ServletContextInitializerBeans.<init>(ServletContextInitializerBeans.java:86)
	at org.springframework.boot.web.servlet.context.ServletWebServerApplicationContext.getServletContextInitializerBeans(ServletWebServerApplicationContext.java:266)
	at org.springframework.boot.web.servlet.context.ServletWebServerApplicationContext.selfInitialize(ServletWebServerApplicationContext.java:240)
	at org.springframework.boot.web.embedded.tomcat.TomcatStarter.onStartup(TomcatStarter.java:52)
	at org.apache.catalina.core.StandardContext.startInternal(StandardContext.java:4880)
	at org.apache.catalina.util.LifecycleBase.start(LifecycleBase.java:171)
	at org.apache.catalina.core.ContainerBase$StartChild.call(ContainerBase.java:1332)
	at org.apache.catalina.core.ContainerBase$StartChild.call(ContainerBase.java:1322)
	at java.base/java.util.concurrent.FutureTask.run(FutureTask.java:264)
	at org.apache.tomcat.util.threads.InlineExecutorService.execute(InlineExecutorService.java:75)
	at java.base/java.util.concurrent.AbstractExecutorService.submit(AbstractExecutorService.java:145)
	at org.apache.catalina.core.ContainerBase.startInternal(ContainerBase.java:866)
	at org.apache.catalina.core.StandardHost.startInternal(StandardHost.java:845)
	at org.apache.catalina.util.LifecycleBase.start(LifecycleBase.java:171)
	at org.apache.catalina.core.ContainerBase$StartChild.call(ContainerBase.java:1332)
	at org.apache.catalina.core.ContainerBase$StartChild.call(ContainerBase.java:1322)
	at java.base/java.util.concurrent.FutureTask.run(FutureTask.java:264)
	at org.apache.tomcat.util.threads.InlineExecutorService.execute(InlineExecutorService.java:75)
	at java.base/java.util.concurrent.AbstractExecutorService.submit(AbstractExecutorService.java:145)
	at org.apache.catalina.core.ContainerBase.startInternal(ContainerBase.java:866)
	at org.apache.catalina.core.StandardEngine.startInternal(StandardEngine.java:240)
	at org.apache.catalina.util.LifecycleBase.start(LifecycleBase.java:171)
	at org.apache.catalina.core.StandardService.startInternal(StandardService.java:433)
	at org.apache.catalina.util.LifecycleBase.start(LifecycleBase.java:171)
	at org.apache.catalina.core.StandardServer.startInternal(StandardServer.java:921)
	at org.apache.catalina.util.LifecycleBase.start(LifecycleBase.java:171)
	at org.apache.catalina.startup.Tomcat.start(Tomcat.java:437)
	at org.springframework.boot.web.embedded.tomcat.TomcatWebServer.initialize(TomcatWebServer.java:126)
	... 13 common frames omitted
Caused by: org.springframework.beans.factory.BeanCreationException: Error creating bean with name 'jwtServiceImpl': Injection of autowired dependencies failed
	at org.springframework.beans.factory.annotation.AutowiredAnnotationBeanPostProcessor.postProcessProperties(AutowiredAnnotationBeanPostProcessor.java:514)
	at org.springframework.beans.factory.support.AbstractAutowireCapableBeanFactory.populateBean(AbstractAutowireCapableBeanFactory.java:1419)
	at org.springframework.beans.factory.support.AbstractAutowireCapableBeanFactory.doCreateBean(AbstractAutowireCapableBeanFactory.java:599)
	at org.springframework.beans.factory.support.AbstractAutowireCapableBeanFactory.createBean(AbstractAutowireCapableBeanFactory.java:522)
	at org.springframework.beans.factory.support.AbstractBeanFactory.lambda$doGetBean$0(AbstractBeanFactory.java:326)
	at org.springframework.beans.factory.support.DefaultSingletonBeanRegistry.getSingleton(DefaultSingletonBeanRegistry.java:234)
	at org.springframework.beans.factory.support.AbstractBeanFactory.doGetBean(AbstractBeanFactory.java:324)
	at org.springframework.beans.factory.support.AbstractBeanFactory.getBean(AbstractBeanFactory.java:200)
	at org.springframework.beans.factory.config.DependencyDescriptor.resolveCandidate(DependencyDescriptor.java:254)
	at org.springframework.beans.factory.support.DefaultListableBeanFactory.doResolveDependency(DefaultListableBeanFactory.java:1443)
	at org.springframework.beans.factory.support.DefaultListableBeanFactory.resolveDependency(DefaultListableBeanFactory.java:1353)
	at org.springframework.beans.factory.support.ConstructorResolver.resolveAutowiredArgument(ConstructorResolver.java:904)
	at org.springframework.beans.factory.support.ConstructorResolver.createArgumentArray(ConstructorResolver.java:782)
	... 54 common frames omitted
Caused by: java.lang.IllegalArgumentException: Could not resolve placeholder 'JWT_SECRET' in value "${JWT_SECRET}"
	at org.springframework.util.PropertyPlaceholderHelper.parseStringValue(PropertyPlaceholderHelper.java:180)
	at org.springframework.util.PropertyPlaceholderHelper.replacePlaceholders(PropertyPlaceholderHelper.java:126)
	at org.springframework.core.env.AbstractPropertyResolver.doResolvePlaceholders(AbstractPropertyResolver.java:239)
	at org.springframework.core.env.AbstractPropertyResolver.resolveRequiredPlaceholders(AbstractPropertyResolver.java:210)
	at org.springframework.core.env.AbstractPropertyResolver.resolveNestedPlaceholders(AbstractPropertyResolver.java:230)
	at org.springframework.boot.context.properties.source.ConfigurationPropertySourcesPropertyResolver.getProperty(ConfigurationPropertySourcesPropertyResolver.java:80)
	at org.springframework.boot.context.properties.source.ConfigurationPropertySourcesPropertyResolver.getProperty(ConfigurationPropertySourcesPropertyResolver.java:61)
	at org.springframework.core.env.AbstractEnvironment.getProperty(AbstractEnvironment.java:552)
	at org.springframework.context.support.PropertySourcesPlaceholderConfigurer$1.getProperty(PropertySourcesPlaceholderConfigurer.java:153)
	at org.springframework.context.support.PropertySourcesPlaceholderConfigurer$1.getProperty(PropertySourcesPlaceholderConfigurer.java:149)
	at org.springframework.core.env.PropertySourcesPropertyResolver.getProperty(PropertySourcesPropertyResolver.java:85)
	at org.springframework.core.env.PropertySourcesPropertyResolver.getPropertyAsRawString(PropertySourcesPropertyResolver.java:74)
	at org.springframework.util.PropertyPlaceholderHelper.parseStringValue(PropertyPlaceholderHelper.java:153)
	at org.springframework.util.PropertyPlaceholderHelper.replacePlaceholders(PropertyPlaceholderHelper.java:126)
	at org.springframework.core.env.AbstractPropertyResolver.doResolvePlaceholders(AbstractPropertyResolver.java:239)
	at org.springframework.core.env.AbstractPropertyResolver.resolveRequiredPlaceholders(AbstractPropertyResolver.java:210)
	at org.springframework.context.support.PropertySourcesPlaceholderConfigurer.lambda$processProperties$0(PropertySourcesPlaceholderConfigurer.java:200)
	at org.springframework.beans.factory.support.AbstractBeanFactory.resolveEmbeddedValue(AbstractBeanFactory.java:953)
	at org.springframework.beans.factory.support.DefaultListableBeanFactory.doResolveDependency(DefaultListableBeanFactory.java:1374)
	at org.springframework.beans.factory.support.DefaultListableBeanFactory.resolveDependency(DefaultListableBeanFactory.java:1353)
	at org.springframework.beans.factory.annotation.AutowiredAnnotationBeanPostProcessor$AutowiredFieldElement.resolveFieldValue(AutowiredAnnotationBeanPostProcessor.java:784)
	at org.springframework.beans.factory.annotation.AutowiredAnnotationBeanPostProcessor$AutowiredFieldElement.inject(AutowiredAnnotationBeanPostProcessor.java:767)
	at org.springframework.beans.factory.annotation.InjectionMetadata.inject(InjectionMetadata.java:145)
	at org.springframework.beans.factory.annotation.AutowiredAnnotationBeanPostProcessor.postProcessProperties(AutowiredAnnotationBeanPostProcessor.java:508)
	... 66 common frames omitted
2025-05-04 20:03:20 [main] ERROR o.s.b.w.e.tomcat.TomcatStarter - Error starting Tomcat context. Exception: org.springframework.beans.factory.UnsatisfiedDependencyException. Message: Error creating bean with name 'jwtAuthenticationFilter' defined in file [C:\Users\tanki\pet-projects\Messenger\messenger-impl\target\classes\ru\senla\javacourse\mutovin\messenger\impl\utils\JwtAuthenticationFilter.class]: Unsatisfied dependency expressed through constructor parameter 0: Error creating bean with name 'jwtServiceImpl': Injection of autowired dependencies failed
2025-05-04 20:03:20 [main] ERROR o.s.boot.SpringApplication - Application run failed
org.springframework.context.ApplicationContextException: Unable to start web server
	at org.springframework.boot.web.servlet.context.ServletWebServerApplicationContext.onRefresh(ServletWebServerApplicationContext.java:165)
	at org.springframework.context.support.AbstractApplicationContext.refresh(AbstractApplicationContext.java:618)
	at org.springframework.boot.web.servlet.context.ServletWebServerApplicationContext.refresh(ServletWebServerApplicationContext.java:146)
	at org.springframework.boot.SpringApplication.refresh(SpringApplication.java:754)
	at org.springframework.boot.SpringApplication.refreshContext(SpringApplication.java:456)
	at org.springframework.boot.SpringApplication.run(SpringApplication.java:334)
	at org.springframework.boot.SpringApplication.run(SpringApplication.java:1354)
	at org.springframework.boot.SpringApplication.run(SpringApplication.java:1343)
	at ru.senla.javacourse.mutovin.messanger.application.MessengerApplication.main(MessengerApplication.java:12)
Caused by: org.springframework.boot.web.server.WebServerException: Unable to start embedded Tomcat
	at org.springframework.boot.web.embedded.tomcat.TomcatWebServer.initialize(TomcatWebServer.java:145)
	at org.springframework.boot.web.embedded.tomcat.TomcatWebServer.<init>(TomcatWebServer.java:105)
	at org.springframework.boot.web.embedded.tomcat.TomcatServletWebServerFactory.getTomcatWebServer(TomcatServletWebServerFactory.java:499)
	at org.springframework.boot.web.embedded.tomcat.TomcatServletWebServerFactory.getWebServer(TomcatServletWebServerFactory.java:218)
	at org.springframework.boot.web.servlet.context.ServletWebServerApplicationContext.createWebServer(ServletWebServerApplicationContext.java:188)
	at org.springframework.boot.web.servlet.context.ServletWebServerApplicationContext.onRefresh(ServletWebServerApplicationContext.java:162)
	... 8 common frames omitted
Caused by: org.springframework.beans.factory.UnsatisfiedDependencyException: Error creating bean with name 'jwtAuthenticationFilter' defined in file [C:\Users\tanki\pet-projects\Messenger\messenger-impl\target\classes\ru\senla\javacourse\mutovin\messenger\impl\utils\JwtAuthenticationFilter.class]: Unsatisfied dependency expressed through constructor parameter 0: Error creating bean with name 'jwtServiceImpl': Injection of autowired dependencies failed
	at org.springframework.beans.factory.support.ConstructorResolver.createArgumentArray(ConstructorResolver.java:795)
	at org.springframework.beans.factory.support.ConstructorResolver.autowireConstructor(ConstructorResolver.java:237)
	at org.springframework.beans.factory.support.AbstractAutowireCapableBeanFactory.autowireConstructor(AbstractAutowireCapableBeanFactory.java:1355)
	at org.springframework.beans.factory.support.AbstractAutowireCapableBeanFactory.createBeanInstance(AbstractAutowireCapableBeanFactory.java:1192)
	at org.springframework.beans.factory.support.AbstractAutowireCapableBeanFactory.doCreateBean(AbstractAutowireCapableBeanFactory.java:562)
	at org.springframework.beans.factory.support.AbstractAutowireCapableBeanFactory.createBean(AbstractAutowireCapableBeanFactory.java:522)
	at org.springframework.beans.factory.support.AbstractBeanFactory.lambda$doGetBean$0(AbstractBeanFactory.java:326)
	at org.springframework.beans.factory.support.DefaultSingletonBeanRegistry.getSingleton(DefaultSingletonBeanRegistry.java:234)
	at org.springframework.beans.factory.support.AbstractBeanFactory.doGetBean(AbstractBeanFactory.java:324)
	at org.springframework.beans.factory.support.AbstractBeanFactory.getBean(AbstractBeanFactory.java:205)
	at org.springframework.boot.web.servlet.ServletContextInitializerBeans.getOrderedBeansOfType(ServletContextInitializerBeans.java:210)
	at org.springframework.boot.web.servlet.ServletContextInitializerBeans.addAsRegistrationBean(ServletContextInitializerBeans.java:173)
	at org.springframework.boot.web.servlet.ServletContextInitializerBeans.addAsRegistrationBean(ServletContextInitializerBeans.java:168)
	at org.springframework.boot.web.servlet.ServletContextInitializerBeans.addAdaptableBeans(ServletContextInitializerBeans.java:153)
	at org.springframework.boot.web.servlet.ServletContextInitializerBeans.<init>(ServletContextInitializerBeans.java:86)
	at org.springframework.boot.web.servlet.context.ServletWebServerApplicationContext.getServletContextInitializerBeans(ServletWebServerApplicationContext.java:266)
	at org.springframework.boot.web.servlet.context.ServletWebServerApplicationContext.selfInitialize(ServletWebServerApplicationContext.java:240)
	at org.springframework.boot.web.embedded.tomcat.TomcatStarter.onStartup(TomcatStarter.java:52)
	at org.apache.catalina.core.StandardContext.startInternal(StandardContext.java:4880)
	at org.apache.catalina.util.LifecycleBase.start(LifecycleBase.java:171)
	at org.apache.catalina.core.ContainerBase$StartChild.call(ContainerBase.java:1332)
	at org.apache.catalina.core.ContainerBase$StartChild.call(ContainerBase.java:1322)
	at java.base/java.util.concurrent.FutureTask.run(FutureTask.java:264)
	at org.apache.tomcat.util.threads.InlineExecutorService.execute(InlineExecutorService.java:75)
	at java.base/java.util.concurrent.AbstractExecutorService.submit(AbstractExecutorService.java:145)
	at org.apache.catalina.core.ContainerBase.startInternal(ContainerBase.java:866)
	at org.apache.catalina.core.StandardHost.startInternal(StandardHost.java:845)
	at org.apache.catalina.util.LifecycleBase.start(LifecycleBase.java:171)
	at org.apache.catalina.core.ContainerBase$StartChild.call(ContainerBase.java:1332)
	at org.apache.catalina.core.ContainerBase$StartChild.call(ContainerBase.java:1322)
	at java.base/java.util.concurrent.FutureTask.run(FutureTask.java:264)
	at org.apache.tomcat.util.threads.InlineExecutorService.execute(InlineExecutorService.java:75)
	at java.base/java.util.concurrent.AbstractExecutorService.submit(AbstractExecutorService.java:145)
	at org.apache.catalina.core.ContainerBase.startInternal(ContainerBase.java:866)
	at org.apache.catalina.core.StandardEngine.startInternal(StandardEngine.java:240)
	at org.apache.catalina.util.LifecycleBase.start(LifecycleBase.java:171)
	at org.apache.catalina.core.StandardService.startInternal(StandardService.java:433)
	at org.apache.catalina.util.LifecycleBase.start(LifecycleBase.java:171)
	at org.apache.catalina.core.StandardServer.startInternal(StandardServer.java:921)
	at org.apache.catalina.util.LifecycleBase.start(LifecycleBase.java:171)
	at org.apache.catalina.startup.Tomcat.start(Tomcat.java:437)
	at org.springframework.boot.web.embedded.tomcat.TomcatWebServer.initialize(TomcatWebServer.java:126)
	... 13 common frames omitted
Caused by: org.springframework.beans.factory.BeanCreationException: Error creating bean with name 'jwtServiceImpl': Injection of autowired dependencies failed
	at org.springframework.beans.factory.annotation.AutowiredAnnotationBeanPostProcessor.postProcessProperties(AutowiredAnnotationBeanPostProcessor.java:514)
	at org.springframework.beans.factory.support.AbstractAutowireCapableBeanFactory.populateBean(AbstractAutowireCapableBeanFactory.java:1419)
	at org.springframework.beans.factory.support.AbstractAutowireCapableBeanFactory.doCreateBean(AbstractAutowireCapableBeanFactory.java:599)
	at org.springframework.beans.factory.support.AbstractAutowireCapableBeanFactory.createBean(AbstractAutowireCapableBeanFactory.java:522)
	at org.springframework.beans.factory.support.AbstractBeanFactory.lambda$doGetBean$0(AbstractBeanFactory.java:326)
	at org.springframework.beans.factory.support.DefaultSingletonBeanRegistry.getSingleton(DefaultSingletonBeanRegistry.java:234)
	at org.springframework.beans.factory.support.AbstractBeanFactory.doGetBean(AbstractBeanFactory.java:324)
	at org.springframework.beans.factory.support.AbstractBeanFactory.getBean(AbstractBeanFactory.java:200)
	at org.springframework.beans.factory.config.DependencyDescriptor.resolveCandidate(DependencyDescriptor.java:254)
	at org.springframework.beans.factory.support.DefaultListableBeanFactory.doResolveDependency(DefaultListableBeanFactory.java:1443)
	at org.springframework.beans.factory.support.DefaultListableBeanFactory.resolveDependency(DefaultListableBeanFactory.java:1353)
	at org.springframework.beans.factory.support.ConstructorResolver.resolveAutowiredArgument(ConstructorResolver.java:904)
	at org.springframework.beans.factory.support.ConstructorResolver.createArgumentArray(ConstructorResolver.java:782)
	... 54 common frames omitted
Caused by: java.lang.IllegalArgumentException: Could not resolve placeholder 'JWT_SECRET' in value "${JWT_SECRET}"
	at org.springframework.util.PropertyPlaceholderHelper.parseStringValue(PropertyPlaceholderHelper.java:180)
	at org.springframework.util.PropertyPlaceholderHelper.replacePlaceholders(PropertyPlaceholderHelper.java:126)
	at org.springframework.core.env.AbstractPropertyResolver.doResolvePlaceholders(AbstractPropertyResolver.java:239)
	at org.springframework.core.env.AbstractPropertyResolver.resolveRequiredPlaceholders(AbstractPropertyResolver.java:210)
	at org.springframework.core.env.AbstractPropertyResolver.resolveNestedPlaceholders(AbstractPropertyResolver.java:230)
	at org.springframework.boot.context.properties.source.ConfigurationPropertySourcesPropertyResolver.getProperty(ConfigurationPropertySourcesPropertyResolver.java:80)
	at org.springframework.boot.context.properties.source.ConfigurationPropertySourcesPropertyResolver.getProperty(ConfigurationPropertySourcesPropertyResolver.java:61)
	at org.springframework.core.env.AbstractEnvironment.getProperty(AbstractEnvironment.java:552)
	at org.springframework.context.support.PropertySourcesPlaceholderConfigurer$1.getProperty(PropertySourcesPlaceholderConfigurer.java:153)
	at org.springframework.context.support.PropertySourcesPlaceholderConfigurer$1.getProperty(PropertySourcesPlaceholderConfigurer.java:149)
	at org.springframework.core.env.PropertySourcesPropertyResolver.getProperty(PropertySourcesPropertyResolver.java:85)
	at org.springframework.core.env.PropertySourcesPropertyResolver.getPropertyAsRawString(PropertySourcesPropertyResolver.java:74)
	at org.springframework.util.PropertyPlaceholderHelper.parseStringValue(PropertyPlaceholderHelper.java:153)
	at org.springframework.util.PropertyPlaceholderHelper.replacePlaceholders(PropertyPlaceholderHelper.java:126)
	at org.springframework.core.env.AbstractPropertyResolver.doResolvePlaceholders(AbstractPropertyResolver.java:239)
	at org.springframework.core.env.AbstractPropertyResolver.resolveRequiredPlaceholders(AbstractPropertyResolver.java:210)
	at org.springframework.context.support.PropertySourcesPlaceholderConfigurer.lambda$processProperties$0(PropertySourcesPlaceholderConfigurer.java:200)
	at org.springframework.beans.factory.support.AbstractBeanFactory.resolveEmbeddedValue(AbstractBeanFactory.java:953)
	at org.springframework.beans.factory.support.DefaultListableBeanFactory.doResolveDependency(DefaultListableBeanFactory.java:1374)
	at org.springframework.beans.factory.support.DefaultListableBeanFactory.resolveDependency(DefaultListableBeanFactory.java:1353)
	at org.springframework.beans.factory.annotation.AutowiredAnnotationBeanPostProcessor$AutowiredFieldElement.resolveFieldValue(AutowiredAnnotationBeanPostProcessor.java:784)
	at org.springframework.beans.factory.annotation.AutowiredAnnotationBeanPostProcessor$AutowiredFieldElement.inject(AutowiredAnnotationBeanPostProcessor.java:767)
	at org.springframework.beans.factory.annotation.InjectionMetadata.inject(InjectionMetadata.java:145)
	at org.springframework.beans.factory.annotation.AutowiredAnnotationBeanPostProcessor.postProcessProperties(AutowiredAnnotationBeanPostProcessor.java:508)
	... 66 common frames omitted
2025-05-04 20:04:33 [main] ERROR o.s.b.d.LoggingFailureAnalysisReporter - 

***************************
APPLICATION FAILED TO START
***************************

Description:

A component required a bean named 'entityManagerFactory' that could not be found.


Action:

Consider defining a bean named 'entityManagerFactory' in your configuration.

2025-05-04 20:06:45 [main] ERROR o.s.b.d.LoggingFailureAnalysisReporter - 

***************************
APPLICATION FAILED TO START
***************************

Description:

A component required a bean named 'entityManagerFactory' that could not be found.


Action:

Consider defining a bean named 'entityManagerFactory' in your configuration.

2025-05-04 20:07:32 [main] ERROR o.s.b.d.LoggingFailureAnalysisReporter - 

***************************
APPLICATION FAILED TO START
***************************

Description:

A component required a bean named 'entityManagerFactory' that could not be found.


Action:

Consider defining a bean named 'entityManagerFactory' in your configuration.

2025-05-04 20:08:47 [main] ERROR o.s.b.d.LoggingFailureAnalysisReporter - 

***************************
APPLICATION FAILED TO START
***************************

Description:

A component required a bean named 'entityManagerFactory' that could not be found.


Action:

Consider defining a bean named 'entityManagerFactory' in your configuration.

2025-05-04 20:25:41 [main] ERROR o.s.b.d.LoggingFailureAnalysisReporter - 

***************************
APPLICATION FAILED TO START
***************************

Description:

A component required a bean named 'entityManagerFactory' that could not be found.


Action:

Consider defining a bean named 'entityManagerFactory' in your configuration.

2025-05-04 20:36:02 [main] ERROR o.s.b.d.LoggingFailureAnalysisReporter - 

***************************
APPLICATION FAILED TO START
***************************

Description:

A component required a bean named 'entityManagerFactory' that could not be found.


Action:

Consider defining a bean named 'entityManagerFactory' in your configuration.

2025-05-04 20:39:48 [main] ERROR o.s.b.d.LoggingFailureAnalysisReporter - 

***************************
APPLICATION FAILED TO START
***************************

Description:

A component required a bean named 'entityManagerFactory' that could not be found.


Action:

Consider defining a bean named 'entityManagerFactory' in your configuration.

2025-05-04 20:41:45 [main] ERROR o.s.b.d.LoggingFailureAnalysisReporter - 

***************************
APPLICATION FAILED TO START
***************************

Description:

A component required a bean named 'entityManagerFactory' that could not be found.


Action:

Consider defining a bean named 'entityManagerFactory' in your configuration.

2025-05-04 20:45:40 [main] ERROR o.s.b.d.LoggingFailureAnalysisReporter - 

***************************
APPLICATION FAILED TO START
***************************

Description:

A component required a bean named 'entityManagerFactory' that could not be found.


Action:

Consider defining a bean named 'entityManagerFactory' in your configuration.

