2025-05-09 21:35:44 [background-preinit] INFO  o.h.validator.internal.util.Version - HV000001: Hibernate Validator 8.0.1.Final
2025-05-09 21:35:44 [main] INFO  r.s.j.m.m.a.MessengerApplication - Starting MessengerApplication using Java 17.0.12 with PID 13448 (C:\Users\tanki\pet-projects\Messenger\messenger-application\target\classes started by tanki in C:\Users\tanki\pet-projects\Messenger)
2025-05-09 21:35:44 [main] INFO  r.s.j.m.m.a.MessengerApplication - No active profile set, falling back to 1 default profile: "default"
2025-05-09 21:35:51 [main] INFO  o.s.b.w.e.tomcat.TomcatWebServer - Tomcat initialized with port 8080 (http)
2025-05-09 21:35:51 [main] INFO  o.a.coyote.http11.Http11NioProtocol - Initializing ProtocolHandler ["http-nio-8080"]
2025-05-09 21:35:51 [main] INFO  o.a.catalina.core.StandardService - Starting service [Tomcat]
2025-05-09 21:35:51 [main] INFO  o.a.catalina.core.StandardEngine - Starting Servlet engine: [Apache Tomcat/10.1.20]
2025-05-09 21:35:51 [main] INFO  o.a.c.c.C.[Tomcat].[localhost].[/] - Initializing Spring embedded WebApplicationContext
2025-05-09 21:35:51 [main] INFO  o.s.b.w.s.c.ServletWebServerApplicationContext - Root WebApplicationContext: initialization completed in 6630 ms
2025-05-09 21:35:52 [main] INFO  org.hibernate.Version - HHH000412: Hibernate ORM core version 6.5.3.Final
2025-05-09 21:35:52 [main] INFO  o.h.c.i.RegionFactoryInitiator - HHH000026: Second-level cache disabled
2025-05-09 21:35:53 [main] INFO  o.hibernate.orm.connections.pooling - HHH10001005: Loaded JDBC driver class: org.postgresql.Driver
2025-05-09 21:35:53 [main] INFO  o.hibernate.orm.connections.pooling - HHH10001012: Connecting with JDBC URL [jdbc:postgresql://localhost:6666/messenger]
2025-05-09 21:35:53 [main] INFO  o.hibernate.orm.connections.pooling - HHH10001001: Connection properties: {password=qwerty, user=postgres}
2025-05-09 21:35:53 [main] INFO  o.hibernate.orm.connections.pooling - HHH10001003: Autocommit mode: false
2025-05-09 21:35:53 [main] INFO  o.hibernate.orm.connections.pooling - HHH10001115: Connection pool size: 20 (min=1)
2025-05-09 21:35:57 [main] INFO  o.h.e.t.j.p.i.JtaPlatformInitiator - HHH000489: No JTA platform available (set 'hibernate.transaction.jta.platform' to enable JTA platform integration)
2025-05-09 21:35:58 [main] INFO  o.s.b.a.e.web.EndpointLinksResolver - Exposing 1 endpoint(s) beneath base path '/actuator'
2025-05-09 21:35:59 [main] INFO  o.s.s.web.DefaultSecurityFilterChain - Will secure any request with [org.springframework.security.web.session.DisableEncodeUrlFilter@53b60595, org.springframework.security.web.context.request.async.WebAsyncManagerIntegrationFilter@2f9d47a3, org.springframework.security.web.context.SecurityContextHolderFilter@696d28ee, org.springframework.security.web.header.HeaderWriterFilter@70d24586, org.springframework.web.filter.CorsFilter@7d7d7b1a, org.springframework.security.web.authentication.logout.LogoutFilter@2e41e0c, ru.senla.javacourse.mutovin.messenger.impl.utils.JwtAuthenticationFilter@4eb3b690, org.springframework.security.web.savedrequest.RequestCacheAwareFilter@ea3491d, org.springframework.security.web.servletapi.SecurityContextHolderAwareRequestFilter@6012bee8, org.springframework.security.web.authentication.AnonymousAuthenticationFilter@67836d4, org.springframework.security.web.session.SessionManagementFilter@7d619bcb, org.springframework.security.web.access.ExceptionTranslationFilter@6edc8385, org.springframework.security.web.access.intercept.AuthorizationFilter@37e967df]
2025-05-09 21:36:00 [main] INFO  o.a.coyote.http11.Http11NioProtocol - Starting ProtocolHandler ["http-nio-8080"]
2025-05-09 21:36:00 [main] INFO  o.s.b.w.e.tomcat.TomcatWebServer - Tomcat started on port 8080 (http) with context path ''
2025-05-09 21:36:00 [main] INFO  r.s.j.m.m.a.MessengerApplication - Started MessengerApplication in 17.848 seconds (process running for 20.185)
2025-05-09 21:36:01 [RMI TCP Connection(3)-172.25.224.1] INFO  o.a.c.c.C.[Tomcat].[localhost].[/] - Initializing Spring DispatcherServlet 'dispatcherServlet'
2025-05-09 21:36:01 [RMI TCP Connection(3)-172.25.224.1] INFO  o.s.web.servlet.DispatcherServlet - Initializing Servlet 'dispatcherServlet'
2025-05-09 21:36:01 [RMI TCP Connection(3)-172.25.224.1] INFO  o.s.web.servlet.DispatcherServlet - Completed initialization in 7 ms
2025-05-09 21:36:13 [http-nio-8080-exec-9] INFO  o.s.api.AbstractOpenApiResource - Init duration for springdoc-openapi is: 667 ms
2025-05-09 21:40:34 [SpringApplicationShutdownHook] INFO  o.hibernate.orm.connections.pooling - HHH10001008: Cleaning up connection pool [jdbc:postgresql://localhost:6666/messenger]
2025-05-09 21:40:48 [background-preinit] INFO  o.h.validator.internal.util.Version - HV000001: Hibernate Validator 8.0.1.Final
2025-05-09 21:40:48 [main] INFO  r.s.j.m.m.a.MessengerApplication - Starting MessengerApplication using Java 17.0.12 with PID 16628 (C:\Users\tanki\pet-projects\Messenger\messenger-application\target\classes started by tanki in C:\Users\tanki\pet-projects\Messenger)
2025-05-09 21:40:48 [main] INFO  r.s.j.m.m.a.MessengerApplication - No active profile set, falling back to 1 default profile: "default"
2025-05-09 21:40:52 [main] INFO  o.s.b.w.e.tomcat.TomcatWebServer - Tomcat initialized with port 8080 (http)
2025-05-09 21:40:52 [main] INFO  o.a.coyote.http11.Http11NioProtocol - Initializing ProtocolHandler ["http-nio-8080"]
2025-05-09 21:40:52 [main] INFO  o.a.catalina.core.StandardService - Starting service [Tomcat]
2025-05-09 21:40:52 [main] INFO  o.a.catalina.core.StandardEngine - Starting Servlet engine: [Apache Tomcat/10.1.20]
2025-05-09 21:40:52 [main] INFO  o.a.c.c.C.[Tomcat].[localhost].[/] - Initializing Spring embedded WebApplicationContext
2025-05-09 21:40:52 [main] INFO  o.s.b.w.s.c.ServletWebServerApplicationContext - Root WebApplicationContext: initialization completed in 3946 ms
2025-05-09 21:40:52 [main] INFO  org.hibernate.Version - HHH000412: Hibernate ORM core version 6.5.3.Final
2025-05-09 21:40:53 [main] INFO  o.h.c.i.RegionFactoryInitiator - HHH000026: Second-level cache disabled
2025-05-09 21:40:53 [main] INFO  o.hibernate.orm.connections.pooling - HHH10001005: Loaded JDBC driver class: org.postgresql.Driver
2025-05-09 21:40:53 [main] INFO  o.hibernate.orm.connections.pooling - HHH10001012: Connecting with JDBC URL [jdbc:postgresql://localhost:6666/messenger]
2025-05-09 21:40:53 [main] INFO  o.hibernate.orm.connections.pooling - HHH10001001: Connection properties: {password=qwerty, user=postgres}
2025-05-09 21:40:53 [main] INFO  o.hibernate.orm.connections.pooling - HHH10001003: Autocommit mode: false
2025-05-09 21:40:53 [main] INFO  o.hibernate.orm.connections.pooling - HHH10001115: Connection pool size: 20 (min=1)
2025-05-09 21:40:56 [main] INFO  o.h.e.t.j.p.i.JtaPlatformInitiator - HHH000489: No JTA platform available (set 'hibernate.transaction.jta.platform' to enable JTA platform integration)
2025-05-09 21:40:57 [main] INFO  o.s.b.a.e.web.EndpointLinksResolver - Exposing 1 endpoint(s) beneath base path '/actuator'
2025-05-09 21:40:57 [main] INFO  o.s.s.web.DefaultSecurityFilterChain - Will secure any request with [org.springframework.security.web.session.DisableEncodeUrlFilter@60515ab1, org.springframework.security.web.context.request.async.WebAsyncManagerIntegrationFilter@37e967df, org.springframework.security.web.context.SecurityContextHolderFilter@73cdf5f9, org.springframework.security.web.header.HeaderWriterFilter@41ad6c00, org.springframework.web.filter.CorsFilter@16a89351, org.springframework.security.web.authentication.logout.LogoutFilter@328b2c2a, ru.senla.javacourse.mutovin.messenger.impl.utils.JwtAuthenticationFilter@1b0fc8b, org.springframework.security.web.savedrequest.RequestCacheAwareFilter@57f83dc7, org.springframework.security.web.servletapi.SecurityContextHolderAwareRequestFilter@75937998, org.springframework.security.web.authentication.AnonymousAuthenticationFilter@395854dd, org.springframework.security.web.session.SessionManagementFilter@1af29a19, org.springframework.security.web.access.ExceptionTranslationFilter@3fbf66e7, org.springframework.security.web.access.intercept.AuthorizationFilter@31a9eaa]
2025-05-09 21:40:58 [main] INFO  o.a.coyote.http11.Http11NioProtocol - Starting ProtocolHandler ["http-nio-8080"]
2025-05-09 21:40:58 [main] INFO  o.s.b.w.e.tomcat.TomcatWebServer - Tomcat started on port 8080 (http) with context path ''
2025-05-09 21:40:58 [main] INFO  r.s.j.m.m.a.MessengerApplication - Started MessengerApplication in 11.046 seconds (process running for 12.949)
2025-05-09 21:40:59 [RMI TCP Connection(4)-172.25.224.1] INFO  o.a.c.c.C.[Tomcat].[localhost].[/] - Initializing Spring DispatcherServlet 'dispatcherServlet'
2025-05-09 21:40:59 [RMI TCP Connection(4)-172.25.224.1] INFO  o.s.web.servlet.DispatcherServlet - Initializing Servlet 'dispatcherServlet'
2025-05-09 21:40:59 [RMI TCP Connection(4)-172.25.224.1] INFO  o.s.web.servlet.DispatcherServlet - Completed initialization in 6 ms
2025-05-09 21:41:36 [http-nio-8080-exec-10] INFO  o.s.api.AbstractOpenApiResource - Init duration for springdoc-openapi is: 655 ms
2025-05-09 21:56:23 [SpringApplicationShutdownHook] INFO  o.hibernate.orm.connections.pooling - HHH10001008: Cleaning up connection pool [jdbc:postgresql://localhost:6666/messenger]
2025-05-09 21:56:37 [background-preinit] INFO  o.h.validator.internal.util.Version - HV000001: Hibernate Validator 8.0.1.Final
2025-05-09 21:56:37 [main] INFO  r.s.j.m.m.a.MessengerApplication - Starting MessengerApplication using Java 17.0.12 with PID 12624 (C:\Users\tanki\pet-projects\Messenger\messenger-application\target\classes started by tanki in C:\Users\tanki\pet-projects\Messenger)
2025-05-09 21:56:37 [main] INFO  r.s.j.m.m.a.MessengerApplication - No active profile set, falling back to 1 default profile: "default"
2025-05-09 21:56:40 [main] INFO  o.s.b.w.e.tomcat.TomcatWebServer - Tomcat initialized with port 8080 (http)
2025-05-09 21:56:41 [main] INFO  o.a.coyote.http11.Http11NioProtocol - Initializing ProtocolHandler ["http-nio-8080"]
2025-05-09 21:56:41 [main] INFO  o.a.catalina.core.StandardService - Starting service [Tomcat]
2025-05-09 21:56:41 [main] INFO  o.a.catalina.core.StandardEngine - Starting Servlet engine: [Apache Tomcat/10.1.20]
2025-05-09 21:56:41 [main] INFO  o.a.c.c.C.[Tomcat].[localhost].[/] - Initializing Spring embedded WebApplicationContext
2025-05-09 21:56:41 [main] INFO  o.s.b.w.s.c.ServletWebServerApplicationContext - Root WebApplicationContext: initialization completed in 3521 ms
2025-05-09 21:56:41 [main] INFO  org.hibernate.Version - HHH000412: Hibernate ORM core version 6.5.3.Final
2025-05-09 21:56:42 [main] INFO  o.h.c.i.RegionFactoryInitiator - HHH000026: Second-level cache disabled
2025-05-09 21:56:42 [main] INFO  o.hibernate.orm.connections.pooling - HHH10001005: Loaded JDBC driver class: org.postgresql.Driver
2025-05-09 21:56:42 [main] INFO  o.hibernate.orm.connections.pooling - HHH10001012: Connecting with JDBC URL [jdbc:postgresql://localhost:6666/messenger]
2025-05-09 21:56:42 [main] INFO  o.hibernate.orm.connections.pooling - HHH10001001: Connection properties: {password=qwerty, user=postgres}
2025-05-09 21:56:42 [main] INFO  o.hibernate.orm.connections.pooling - HHH10001003: Autocommit mode: false
2025-05-09 21:56:42 [main] INFO  o.hibernate.orm.connections.pooling - HHH10001115: Connection pool size: 20 (min=1)
2025-05-09 21:56:46 [main] INFO  o.h.e.t.j.p.i.JtaPlatformInitiator - HHH000489: No JTA platform available (set 'hibernate.transaction.jta.platform' to enable JTA platform integration)
2025-05-09 21:56:47 [main] INFO  o.s.b.a.e.web.EndpointLinksResolver - Exposing 1 endpoint(s) beneath base path '/actuator'
2025-05-09 21:56:48 [main] INFO  o.s.s.web.DefaultSecurityFilterChain - Will secure any request with [org.springframework.security.web.session.DisableEncodeUrlFilter@5295a774, org.springframework.security.web.context.request.async.WebAsyncManagerIntegrationFilter@3e09067, org.springframework.security.web.context.SecurityContextHolderFilter@1adc38a0, org.springframework.security.web.header.HeaderWriterFilter@c11ec9b, org.springframework.web.filter.CorsFilter@7a7f5c44, org.springframework.security.web.authentication.logout.LogoutFilter@354ed5c4, ru.senla.javacourse.mutovin.messenger.impl.utils.JwtAuthenticationFilter@79aa675b, org.springframework.security.web.savedrequest.RequestCacheAwareFilter@1651bd68, org.springframework.security.web.servletapi.SecurityContextHolderAwareRequestFilter@44a25dc7, org.springframework.security.web.authentication.AnonymousAuthenticationFilter@4ab1693b, org.springframework.security.web.session.SessionManagementFilter@605c2b9f, org.springframework.security.web.access.ExceptionTranslationFilter@25865fca, org.springframework.security.web.access.intercept.AuthorizationFilter@36a59d8]
2025-05-09 21:56:48 [main] INFO  o.a.coyote.http11.Http11NioProtocol - Starting ProtocolHandler ["http-nio-8080"]
2025-05-09 21:56:48 [main] INFO  o.s.b.w.e.tomcat.TomcatWebServer - Tomcat started on port 8080 (http) with context path ''
2025-05-09 21:56:48 [main] INFO  r.s.j.m.m.a.MessengerApplication - Started MessengerApplication in 12.267 seconds (process running for 14.456)
2025-05-09 21:56:49 [RMI TCP Connection(2)-172.25.224.1] INFO  o.a.c.c.C.[Tomcat].[localhost].[/] - Initializing Spring DispatcherServlet 'dispatcherServlet'
2025-05-09 21:56:49 [RMI TCP Connection(2)-172.25.224.1] INFO  o.s.web.servlet.DispatcherServlet - Initializing Servlet 'dispatcherServlet'
2025-05-09 21:56:49 [RMI TCP Connection(2)-172.25.224.1] INFO  o.s.web.servlet.DispatcherServlet - Completed initialization in 3 ms
2025-05-09 22:00:00 [http-nio-8080-exec-5] INFO  o.a.coyote.http11.Http11Processor - Error parsing HTTP request header
 Note: further occurrences of HTTP request parsing errors will be logged at DEBUG level.
java.lang.IllegalArgumentException: Invalid character found in method name [0x160x030x010x000xf70x010x000x000xf30x030x030xb00xc61k0xf6F>l0xc0X0x9440x09Y0x0do00xe20x850x0b0x140x0e0x1c0x88lV@![0xfe0x8eE ]. HTTP method names must be tokens
	at org.apache.coyote.http11.Http11InputBuffer.parseRequestLine(Http11InputBuffer.java:407)
	at org.apache.coyote.http11.Http11Processor.service(Http11Processor.java:264)
	at org.apache.coyote.AbstractProcessorLight.process(AbstractProcessorLight.java:63)
	at org.apache.coyote.AbstractProtocol$ConnectionHandler.process(AbstractProtocol.java:896)
	at org.apache.tomcat.util.net.NioEndpoint$SocketProcessor.doRun(NioEndpoint.java:1736)
	at org.apache.tomcat.util.net.SocketProcessorBase.run(SocketProcessorBase.java:52)
	at org.apache.tomcat.util.threads.ThreadPoolExecutor.runWorker(ThreadPoolExecutor.java:1191)
	at org.apache.tomcat.util.threads.ThreadPoolExecutor$Worker.run(ThreadPoolExecutor.java:659)
	at org.apache.tomcat.util.threads.TaskThread$WrappingRunnable.run(TaskThread.java:63)
	at java.base/java.lang.Thread.run(Thread.java:840)
2025-05-09 22:00:49 [http-nio-8080-exec-6] INFO  o.a.coyote.http11.Http11Processor - Error parsing HTTP request header
 Note: further occurrences of HTTP request parsing errors will be logged at DEBUG level.
java.lang.IllegalArgumentException: Invalid character found in method name [0x160x030x010x000xf70x010x000x000xf30x030x030x930xea0x840xdb0x0f0xef#4u0xa40xf30xb3X&:0x820xc40x86.0x8e0xd00xc00xfdD0xae90x7f0x8f0x870xae0xbf0xdc ]. HTTP method names must be tokens
	at org.apache.coyote.http11.Http11InputBuffer.parseRequestLine(Http11InputBuffer.java:407)
	at org.apache.coyote.http11.Http11Processor.service(Http11Processor.java:264)
	at org.apache.coyote.AbstractProcessorLight.process(AbstractProcessorLight.java:63)
	at org.apache.coyote.AbstractProtocol$ConnectionHandler.process(AbstractProtocol.java:896)
	at org.apache.tomcat.util.net.NioEndpoint$SocketProcessor.doRun(NioEndpoint.java:1736)
	at org.apache.tomcat.util.net.SocketProcessorBase.run(SocketProcessorBase.java:52)
	at org.apache.tomcat.util.threads.ThreadPoolExecutor.runWorker(ThreadPoolExecutor.java:1191)
	at org.apache.tomcat.util.threads.ThreadPoolExecutor$Worker.run(ThreadPoolExecutor.java:659)
	at org.apache.tomcat.util.threads.TaskThread$WrappingRunnable.run(TaskThread.java:63)
	at java.base/java.lang.Thread.run(Thread.java:840)
2025-05-09 22:03:09 [SpringApplicationShutdownHook] INFO  o.hibernate.orm.connections.pooling - HHH10001008: Cleaning up connection pool [jdbc:postgresql://localhost:6666/messenger]
2025-05-09 22:03:19 [background-preinit] INFO  o.h.validator.internal.util.Version - HV000001: Hibernate Validator 8.0.1.Final
2025-05-09 22:03:19 [main] INFO  r.s.j.m.m.a.MessengerApplication - Starting MessengerApplication using Java 17.0.12 with PID 27728 (C:\Users\tanki\pet-projects\Messenger\messenger-application\target\classes started by tanki in C:\Users\tanki\pet-projects\Messenger)
2025-05-09 22:03:19 [main] INFO  r.s.j.m.m.a.MessengerApplication - No active profile set, falling back to 1 default profile: "default"
2025-05-09 22:03:23 [main] INFO  o.s.b.w.e.tomcat.TomcatWebServer - Tomcat initialized with port 8080 (http)
2025-05-09 22:03:23 [main] INFO  o.a.coyote.http11.Http11NioProtocol - Initializing ProtocolHandler ["http-nio-8080"]
2025-05-09 22:03:23 [main] INFO  o.a.catalina.core.StandardService - Starting service [Tomcat]
2025-05-09 22:03:23 [main] INFO  o.a.catalina.core.StandardEngine - Starting Servlet engine: [Apache Tomcat/10.1.20]
2025-05-09 22:03:23 [main] INFO  o.a.c.c.C.[Tomcat].[localhost].[/] - Initializing Spring embedded WebApplicationContext
2025-05-09 22:03:23 [main] INFO  o.s.b.w.s.c.ServletWebServerApplicationContext - Root WebApplicationContext: initialization completed in 3857 ms
2025-05-09 22:03:23 [main] INFO  org.hibernate.Version - HHH000412: Hibernate ORM core version 6.5.3.Final
2025-05-09 22:03:24 [main] INFO  o.h.c.i.RegionFactoryInitiator - HHH000026: Second-level cache disabled
2025-05-09 22:03:24 [main] INFO  o.hibernate.orm.connections.pooling - HHH10001005: Loaded JDBC driver class: org.postgresql.Driver
2025-05-09 22:03:24 [main] INFO  o.hibernate.orm.connections.pooling - HHH10001012: Connecting with JDBC URL [jdbc:postgresql://localhost:6666/messenger]
2025-05-09 22:03:24 [main] INFO  o.hibernate.orm.connections.pooling - HHH10001001: Connection properties: {password=qwerty, user=postgres}
2025-05-09 22:03:24 [main] INFO  o.hibernate.orm.connections.pooling - HHH10001003: Autocommit mode: false
2025-05-09 22:03:24 [main] INFO  o.hibernate.orm.connections.pooling - HHH10001115: Connection pool size: 20 (min=1)
2025-05-09 22:03:28 [main] INFO  o.h.e.t.j.p.i.JtaPlatformInitiator - HHH000489: No JTA platform available (set 'hibernate.transaction.jta.platform' to enable JTA platform integration)
2025-05-09 22:03:29 [main] INFO  o.s.b.a.e.web.EndpointLinksResolver - Exposing 1 endpoint(s) beneath base path '/actuator'
2025-05-09 22:03:30 [main] INFO  o.s.s.web.DefaultSecurityFilterChain - Will secure any request with [org.springframework.security.web.session.DisableEncodeUrlFilter@4bacabc4, org.springframework.security.web.context.request.async.WebAsyncManagerIntegrationFilter@508de524, org.springframework.security.web.context.SecurityContextHolderFilter@51f412e6, org.springframework.security.web.header.HeaderWriterFilter@36003e90, org.springframework.web.filter.CorsFilter@617d697, org.springframework.security.web.authentication.logout.LogoutFilter@18372705, ru.senla.javacourse.mutovin.messenger.impl.utils.JwtAuthenticationFilter@7641c4e7, org.springframework.security.web.savedrequest.RequestCacheAwareFilter@189c6683, org.springframework.security.web.servletapi.SecurityContextHolderAwareRequestFilter@2972b493, org.springframework.security.web.authentication.AnonymousAuthenticationFilter@3a4d0ca2, org.springframework.security.web.session.SessionManagementFilter@77e42cbf, org.springframework.security.web.access.ExceptionTranslationFilter@393aac93, org.springframework.security.web.access.intercept.AuthorizationFilter@1651bd68]
2025-05-09 22:03:31 [main] INFO  o.a.coyote.http11.Http11NioProtocol - Starting ProtocolHandler ["http-nio-8080"]
2025-05-09 22:03:31 [main] INFO  o.s.b.w.e.tomcat.TomcatWebServer - Tomcat started on port 8080 (http) with context path ''
2025-05-09 22:03:31 [main] INFO  r.s.j.m.m.a.MessengerApplication - Started MessengerApplication in 12.669 seconds (process running for 14.603)
2025-05-09 22:03:31 [RMI TCP Connection(5)-172.25.224.1] INFO  o.a.c.c.C.[Tomcat].[localhost].[/] - Initializing Spring DispatcherServlet 'dispatcherServlet'
2025-05-09 22:03:31 [RMI TCP Connection(5)-172.25.224.1] INFO  o.s.web.servlet.DispatcherServlet - Initializing Servlet 'dispatcherServlet'
2025-05-09 22:03:31 [RMI TCP Connection(5)-172.25.224.1] INFO  o.s.web.servlet.DispatcherServlet - Completed initialization in 7 ms
2025-05-09 22:06:00 [http-nio-8080-exec-2] INFO  o.s.api.AbstractOpenApiResource - Init duration for springdoc-openapi is: 621 ms
2025-05-09 22:07:02 [http-nio-8080-exec-10] INFO  o.a.coyote.http11.Http11Processor - Error parsing HTTP request header
 Note: further occurrences of HTTP request parsing errors will be logged at DEBUG level.
java.lang.IllegalArgumentException: Invalid character found in method name [0x160x030x010x000xf70x010x000x000xf30x030x03E0x0e0xfd3~7R0xeb0xc90xbeH0xb5b0x0a9l0x91~0xb3-0xea0xd50xc4m0x11F<0x01~0x890x870xea ]. HTTP method names must be tokens
	at org.apache.coyote.http11.Http11InputBuffer.parseRequestLine(Http11InputBuffer.java:407)
	at org.apache.coyote.http11.Http11Processor.service(Http11Processor.java:264)
	at org.apache.coyote.AbstractProcessorLight.process(AbstractProcessorLight.java:63)
	at org.apache.coyote.AbstractProtocol$ConnectionHandler.process(AbstractProtocol.java:896)
	at org.apache.tomcat.util.net.NioEndpoint$SocketProcessor.doRun(NioEndpoint.java:1736)
	at org.apache.tomcat.util.net.SocketProcessorBase.run(SocketProcessorBase.java:52)
	at org.apache.tomcat.util.threads.ThreadPoolExecutor.runWorker(ThreadPoolExecutor.java:1191)
	at org.apache.tomcat.util.threads.ThreadPoolExecutor$Worker.run(ThreadPoolExecutor.java:659)
	at org.apache.tomcat.util.threads.TaskThread$WrappingRunnable.run(TaskThread.java:63)
	at java.base/java.lang.Thread.run(Thread.java:840)
2025-05-09 22:08:16 [http-nio-8080-exec-3] INFO  o.a.coyote.http11.Http11Processor - Error parsing HTTP request header
 Note: further occurrences of HTTP request parsing errors will be logged at DEBUG level.
java.lang.IllegalArgumentException: Invalid character found in method name [0x160x030x010x000xf70x010x000x000xf30x030x030xaf0xef0xf40xbb0xd20xc6y0x010xa20xbe0x150xa90xa8R0xa60x940xec ]. HTTP method names must be tokens
	at org.apache.coyote.http11.Http11InputBuffer.parseRequestLine(Http11InputBuffer.java:407)
	at org.apache.coyote.http11.Http11Processor.service(Http11Processor.java:264)
	at org.apache.coyote.AbstractProcessorLight.process(AbstractProcessorLight.java:63)
	at org.apache.coyote.AbstractProtocol$ConnectionHandler.process(AbstractProtocol.java:896)
	at org.apache.tomcat.util.net.NioEndpoint$SocketProcessor.doRun(NioEndpoint.java:1736)
	at org.apache.tomcat.util.net.SocketProcessorBase.run(SocketProcessorBase.java:52)
	at org.apache.tomcat.util.threads.ThreadPoolExecutor.runWorker(ThreadPoolExecutor.java:1191)
	at org.apache.tomcat.util.threads.ThreadPoolExecutor$Worker.run(ThreadPoolExecutor.java:659)
	at org.apache.tomcat.util.threads.TaskThread$WrappingRunnable.run(TaskThread.java:63)
	at java.base/java.lang.Thread.run(Thread.java:840)
2025-05-09 22:20:09 [SpringApplicationShutdownHook] INFO  o.hibernate.orm.connections.pooling - HHH10001008: Cleaning up connection pool [jdbc:postgresql://localhost:6666/messenger]
2025-05-09 22:20:18 [background-preinit] INFO  o.h.validator.internal.util.Version - HV000001: Hibernate Validator 8.0.1.Final
2025-05-09 22:20:18 [main] INFO  r.s.j.m.m.a.MessengerApplication - Starting MessengerApplication using Java 17.0.12 with PID 12136 (C:\Users\tanki\pet-projects\Messenger\messenger-application\target\classes started by tanki in C:\Users\tanki\pet-projects\Messenger)
2025-05-09 22:20:18 [main] INFO  r.s.j.m.m.a.MessengerApplication - No active profile set, falling back to 1 default profile: "default"
2025-05-09 22:20:22 [main] INFO  o.s.b.w.e.tomcat.TomcatWebServer - Tomcat initialized with port 8080 (http)
2025-05-09 22:20:22 [main] INFO  o.a.coyote.http11.Http11NioProtocol - Initializing ProtocolHandler ["http-nio-8080"]
2025-05-09 22:20:22 [main] INFO  o.a.catalina.core.StandardService - Starting service [Tomcat]
2025-05-09 22:20:22 [main] INFO  o.a.catalina.core.StandardEngine - Starting Servlet engine: [Apache Tomcat/10.1.20]
2025-05-09 22:20:22 [main] INFO  o.a.c.c.C.[Tomcat].[localhost].[/] - Initializing Spring embedded WebApplicationContext
2025-05-09 22:20:22 [main] INFO  o.s.b.w.s.c.ServletWebServerApplicationContext - Root WebApplicationContext: initialization completed in 4129 ms
2025-05-09 22:20:23 [main] INFO  org.hibernate.Version - HHH000412: Hibernate ORM core version 6.5.3.Final
2025-05-09 22:20:23 [main] INFO  o.h.c.i.RegionFactoryInitiator - HHH000026: Second-level cache disabled
2025-05-09 22:20:24 [main] INFO  o.hibernate.orm.connections.pooling - HHH10001005: Loaded JDBC driver class: org.postgresql.Driver
2025-05-09 22:20:24 [main] INFO  o.hibernate.orm.connections.pooling - HHH10001012: Connecting with JDBC URL [jdbc:postgresql://localhost:6666/messenger]
2025-05-09 22:20:24 [main] INFO  o.hibernate.orm.connections.pooling - HHH10001001: Connection properties: {password=qwerty, user=postgres}
2025-05-09 22:20:24 [main] INFO  o.hibernate.orm.connections.pooling - HHH10001003: Autocommit mode: false
2025-05-09 22:20:24 [main] INFO  o.hibernate.orm.connections.pooling - HHH10001115: Connection pool size: 20 (min=1)
2025-05-09 22:20:27 [main] INFO  o.h.e.t.j.p.i.JtaPlatformInitiator - HHH000489: No JTA platform available (set 'hibernate.transaction.jta.platform' to enable JTA platform integration)
2025-05-09 22:20:28 [main] INFO  o.s.b.a.e.web.EndpointLinksResolver - Exposing 1 endpoint(s) beneath base path '/actuator'
2025-05-09 22:20:29 [main] INFO  o.s.s.web.DefaultSecurityFilterChain - Will secure any request with [org.springframework.security.web.session.DisableEncodeUrlFilter@136a5572, org.springframework.security.web.context.request.async.WebAsyncManagerIntegrationFilter@11548363, org.springframework.security.web.context.SecurityContextHolderFilter@38c9e937, org.springframework.security.web.header.HeaderWriterFilter@1adc38a0, org.springframework.web.filter.CorsFilter@6be865c1, org.springframework.security.web.authentication.logout.LogoutFilter@36a59d8, ru.senla.javacourse.mutovin.messenger.impl.utils.JwtAuthenticationFilter@5101b9, org.springframework.security.web.savedrequest.RequestCacheAwareFilter@79e591bb, org.springframework.security.web.servletapi.SecurityContextHolderAwareRequestFilter@208ce928, org.springframework.security.web.authentication.AnonymousAuthenticationFilter@4c140b12, org.springframework.security.web.session.SessionManagementFilter@416bff93, org.springframework.security.web.access.ExceptionTranslationFilter@7bfedff3, org.springframework.security.web.access.intercept.AuthorizationFilter@44f8d884]
2025-05-09 22:20:30 [main] INFO  o.a.coyote.http11.Http11NioProtocol - Starting ProtocolHandler ["http-nio-8080"]
2025-05-09 22:20:30 [main] INFO  o.s.b.w.e.tomcat.TomcatWebServer - Tomcat started on port 8080 (http) with context path ''
2025-05-09 22:20:30 [main] INFO  r.s.j.m.m.a.MessengerApplication - Started MessengerApplication in 12.563 seconds (process running for 14.706)
2025-05-09 22:20:30 [RMI TCP Connection(4)-172.25.224.1] INFO  o.a.c.c.C.[Tomcat].[localhost].[/] - Initializing Spring DispatcherServlet 'dispatcherServlet'
2025-05-09 22:20:30 [RMI TCP Connection(4)-172.25.224.1] INFO  o.s.web.servlet.DispatcherServlet - Initializing Servlet 'dispatcherServlet'
2025-05-09 22:20:30 [RMI TCP Connection(4)-172.25.224.1] INFO  o.s.web.servlet.DispatcherServlet - Completed initialization in 5 ms
2025-05-09 22:29:19 [SpringApplicationShutdownHook] INFO  o.hibernate.orm.connections.pooling - HHH10001008: Cleaning up connection pool [jdbc:postgresql://localhost:6666/messenger]
2025-05-09 22:29:35 [background-preinit] INFO  o.h.validator.internal.util.Version - HV000001: Hibernate Validator 8.0.1.Final
2025-05-09 22:29:35 [main] INFO  r.s.j.m.m.a.MessengerApplication - Starting MessengerApplication using Java 17.0.12 with PID 3300 (C:\Users\tanki\pet-projects\Messenger\messenger-application\target\classes started by tanki in C:\Users\tanki\pet-projects\Messenger)
2025-05-09 22:29:35 [main] INFO  r.s.j.m.m.a.MessengerApplication - No active profile set, falling back to 1 default profile: "default"
2025-05-09 22:29:38 [main] INFO  o.s.b.w.e.tomcat.TomcatWebServer - Tomcat initialized with port 8080 (http)
2025-05-09 22:29:38 [main] INFO  o.a.coyote.http11.Http11NioProtocol - Initializing ProtocolHandler ["http-nio-8080"]
2025-05-09 22:29:38 [main] INFO  o.a.catalina.core.StandardService - Starting service [Tomcat]
2025-05-09 22:29:38 [main] INFO  o.a.catalina.core.StandardEngine - Starting Servlet engine: [Apache Tomcat/10.1.20]
2025-05-09 22:29:38 [main] INFO  o.a.c.c.C.[Tomcat].[localhost].[/] - Initializing Spring embedded WebApplicationContext
2025-05-09 22:29:38 [main] INFO  o.s.b.w.s.c.ServletWebServerApplicationContext - Root WebApplicationContext: initialization completed in 3411 ms
2025-05-09 22:29:39 [main] INFO  org.hibernate.Version - HHH000412: Hibernate ORM core version 6.5.3.Final
2025-05-09 22:29:40 [main] INFO  o.h.c.i.RegionFactoryInitiator - HHH000026: Second-level cache disabled
2025-05-09 22:29:40 [main] INFO  o.hibernate.orm.connections.pooling - HHH10001005: Loaded JDBC driver class: org.postgresql.Driver
2025-05-09 22:29:40 [main] INFO  o.hibernate.orm.connections.pooling - HHH10001012: Connecting with JDBC URL [jdbc:postgresql://localhost:6666/messenger]
2025-05-09 22:29:40 [main] INFO  o.hibernate.orm.connections.pooling - HHH10001001: Connection properties: {password=qwerty, user=postgres}
2025-05-09 22:29:40 [main] INFO  o.hibernate.orm.connections.pooling - HHH10001003: Autocommit mode: false
2025-05-09 22:29:40 [main] INFO  o.hibernate.orm.connections.pooling - HHH10001115: Connection pool size: 20 (min=1)
2025-05-09 22:29:43 [main] INFO  o.h.e.t.j.p.i.JtaPlatformInitiator - HHH000489: No JTA platform available (set 'hibernate.transaction.jta.platform' to enable JTA platform integration)
2025-05-09 22:29:44 [main] INFO  o.s.b.a.e.web.EndpointLinksResolver - Exposing 1 endpoint(s) beneath base path '/actuator'
2025-05-09 22:29:45 [main] INFO  o.s.s.web.DefaultSecurityFilterChain - Will secure any request with [org.springframework.security.web.session.DisableEncodeUrlFilter@2aaed928, org.springframework.security.web.context.request.async.WebAsyncManagerIntegrationFilter@155cf9f6, org.springframework.security.web.context.SecurityContextHolderFilter@1704437b, org.springframework.security.web.header.HeaderWriterFilter@cbd9494, org.springframework.web.filter.CorsFilter@b7b26c6, org.springframework.security.web.authentication.logout.LogoutFilter@467625e3, ru.senla.javacourse.mutovin.messenger.impl.utils.JwtAuthenticationFilter@d98ce13, org.springframework.security.web.savedrequest.RequestCacheAwareFilter@3cb4f1a6, org.springframework.security.web.servletapi.SecurityContextHolderAwareRequestFilter@4e301795, org.springframework.security.web.authentication.AnonymousAuthenticationFilter@2db07651, org.springframework.security.web.session.SessionManagementFilter@427946b9, org.springframework.security.web.access.ExceptionTranslationFilter@39336f5, org.springframework.security.web.access.intercept.AuthorizationFilter@6cca70e3]
2025-05-09 22:29:46 [main] INFO  o.a.coyote.http11.Http11NioProtocol - Starting ProtocolHandler ["http-nio-8080"]
2025-05-09 22:29:46 [main] INFO  o.s.b.w.e.tomcat.TomcatWebServer - Tomcat started on port 8080 (http) with context path ''
2025-05-09 22:29:46 [main] INFO  r.s.j.m.m.a.MessengerApplication - Started MessengerApplication in 11.927 seconds (process running for 13.96)
2025-05-09 22:29:47 [RMI TCP Connection(5)-172.25.224.1] INFO  o.a.c.c.C.[Tomcat].[localhost].[/] - Initializing Spring DispatcherServlet 'dispatcherServlet'
2025-05-09 22:29:47 [RMI TCP Connection(5)-172.25.224.1] INFO  o.s.web.servlet.DispatcherServlet - Initializing Servlet 'dispatcherServlet'
2025-05-09 22:29:47 [RMI TCP Connection(5)-172.25.224.1] INFO  o.s.web.servlet.DispatcherServlet - Completed initialization in 5 ms
2025-05-09 22:44:48 [http-nio-8080-exec-4] INFO  o.h.e.i.DefaultLoadEventListener - HHH000327: Error performing load command
org.hibernate.exception.SQLGrammarException: JDBC exception executing SQL [select c1_0.id,c1_0.created_at,c1_0.creator_id,c1_0.is_private,c1_0.name,c1_0.updated_at from chats c1_0 where c1_0.id=?] [ОШИБКА: отношение "chats" не существует
  Позиция: 95
  Местонахождение: Файл parse_relation.c, Процедура: parserOpenTable, Строка: 1452
  SQLState сервера: 42P01] [n/a]
	at org.hibernate.exception.internal.SQLStateConversionDelegate.convert(SQLStateConversionDelegate.java:91)
	at org.hibernate.exception.internal.StandardSQLExceptionConverter.convert(StandardSQLExceptionConverter.java:58)
	at org.hibernate.engine.jdbc.spi.SqlExceptionHelper.convert(SqlExceptionHelper.java:108)
	at org.hibernate.engine.jdbc.spi.SqlExceptionHelper.convert(SqlExceptionHelper.java:94)
	at org.hibernate.sql.results.jdbc.internal.DeferredResultSetAccess.executeQuery(DeferredResultSetAccess.java:264)
	at org.hibernate.sql.results.jdbc.internal.DeferredResultSetAccess.getResultSet(DeferredResultSetAccess.java:167)
	at org.hibernate.sql.results.jdbc.internal.JdbcValuesResultSetImpl.advanceNext(JdbcValuesResultSetImpl.java:265)
	at org.hibernate.sql.results.jdbc.internal.JdbcValuesResultSetImpl.processNext(JdbcValuesResultSetImpl.java:145)
	at org.hibernate.sql.results.jdbc.internal.AbstractJdbcValues.next(AbstractJdbcValues.java:19)
	at org.hibernate.sql.results.internal.RowProcessingStateStandardImpl.next(RowProcessingStateStandardImpl.java:67)
	at org.hibernate.sql.results.spi.ListResultsConsumer.consume(ListResultsConsumer.java:182)
	at org.hibernate.sql.results.spi.ListResultsConsumer.consume(ListResultsConsumer.java:33)
	at org.hibernate.sql.exec.internal.JdbcSelectExecutorStandardImpl.doExecuteQuery(JdbcSelectExecutorStandardImpl.java:211)
	at org.hibernate.sql.exec.internal.JdbcSelectExecutorStandardImpl.executeQuery(JdbcSelectExecutorStandardImpl.java:83)
	at org.hibernate.sql.exec.spi.JdbcSelectExecutor.list(JdbcSelectExecutor.java:76)
	at org.hibernate.sql.exec.spi.JdbcSelectExecutor.list(JdbcSelectExecutor.java:65)
	at org.hibernate.loader.ast.internal.SingleIdLoadPlan.load(SingleIdLoadPlan.java:145)
	at org.hibernate.loader.ast.internal.SingleIdLoadPlan.load(SingleIdLoadPlan.java:117)
	at org.hibernate.loader.ast.internal.SingleIdEntityLoaderStandardImpl.load(SingleIdEntityLoaderStandardImpl.java:75)
	at org.hibernate.persister.entity.AbstractEntityPersister.doLoad(AbstractEntityPersister.java:3740)
	at org.hibernate.persister.entity.AbstractEntityPersister.load(AbstractEntityPersister.java:3729)
	at org.hibernate.event.internal.DefaultLoadEventListener.loadFromDatasource(DefaultLoadEventListener.java:604)
	at org.hibernate.event.internal.DefaultLoadEventListener.loadFromCacheOrDatasource(DefaultLoadEventListener.java:590)
	at org.hibernate.event.internal.DefaultLoadEventListener.load(DefaultLoadEventListener.java:560)
	at org.hibernate.event.internal.DefaultLoadEventListener.doLoad(DefaultLoadEventListener.java:544)
	at org.hibernate.event.internal.DefaultLoadEventListener.load(DefaultLoadEventListener.java:207)
	at org.hibernate.event.internal.DefaultLoadEventListener.loadWithRegularProxy(DefaultLoadEventListener.java:290)
	at org.hibernate.event.internal.DefaultLoadEventListener.proxyOrLoad(DefaultLoadEventListener.java:242)
	at org.hibernate.event.internal.DefaultLoadEventListener.doOnLoad(DefaultLoadEventListener.java:111)
	at org.hibernate.event.internal.DefaultLoadEventListener.onLoad(DefaultLoadEventListener.java:68)
	at org.hibernate.event.service.internal.EventListenerGroupImpl.fireEventOnEachListener(EventListenerGroupImpl.java:138)
	at org.hibernate.internal.SessionImpl.fireLoadNoChecks(SessionImpl.java:1225)
	at org.hibernate.internal.SessionImpl.fireLoad(SessionImpl.java:1213)
	at org.hibernate.loader.internal.IdentifierLoadAccessImpl.load(IdentifierLoadAccessImpl.java:209)
	at org.hibernate.loader.internal.IdentifierLoadAccessImpl.doLoad(IdentifierLoadAccessImpl.java:160)
	at org.hibernate.loader.internal.IdentifierLoadAccessImpl.lambda$load$1(IdentifierLoadAccessImpl.java:149)
	at org.hibernate.loader.internal.IdentifierLoadAccessImpl.perform(IdentifierLoadAccessImpl.java:112)
	at org.hibernate.loader.internal.IdentifierLoadAccessImpl.load(IdentifierLoadAccessImpl.java:149)
	at org.hibernate.internal.SessionImpl.find(SessionImpl.java:2429)
	at org.hibernate.internal.SessionImpl.find(SessionImpl.java:2395)
	at ru.senla.javacourse.mutovin.messenger.impl.repository.impl.ChatRepositoryImpl.findById(ChatRepositoryImpl.java:40)
	at java.base/jdk.internal.reflect.NativeMethodAccessorImpl.invoke0(Native Method)
	at java.base/jdk.internal.reflect.NativeMethodAccessorImpl.invoke(NativeMethodAccessorImpl.java:77)
	at java.base/jdk.internal.reflect.DelegatingMethodAccessorImpl.invoke(DelegatingMethodAccessorImpl.java:43)
	at java.base/java.lang.reflect.Method.invoke(Method.java:569)
	at org.springframework.aop.support.AopUtils.invokeJoinpointUsingReflection(AopUtils.java:354)
	at org.springframework.aop.framework.ReflectiveMethodInvocation.invokeJoinpoint(ReflectiveMethodInvocation.java:196)
	at org.springframework.aop.framework.ReflectiveMethodInvocation.proceed(ReflectiveMethodInvocation.java:163)
	at org.springframework.aop.framework.CglibAopProxy$CglibMethodInvocation.proceed(CglibAopProxy.java:768)
	at org.springframework.dao.support.PersistenceExceptionTranslationInterceptor.invoke(PersistenceExceptionTranslationInterceptor.java:137)
	at org.springframework.aop.framework.ReflectiveMethodInvocation.proceed(ReflectiveMethodInvocation.java:184)
	at org.springframework.aop.framework.CglibAopProxy$CglibMethodInvocation.proceed(CglibAopProxy.java:768)
	at org.springframework.aop.framework.CglibAopProxy$DynamicAdvisedInterceptor.intercept(CglibAopProxy.java:720)
	at ru.senla.javacourse.mutovin.messenger.impl.repository.impl.ChatRepositoryImpl$$SpringCGLIB$$0.findById(<generated>)
	at ru.senla.javacourse.mutovin.messenger.impl.service.impl.ChatServiceImpl.getChatById(ChatServiceImpl.java:205)
	at ru.senla.javacourse.mutovin.messenger.impl.controller.ChatControllerImpl.getChatById(ChatControllerImpl.java:238)
	at java.base/jdk.internal.reflect.NativeMethodAccessorImpl.invoke0(Native Method)
	at java.base/jdk.internal.reflect.NativeMethodAccessorImpl.invoke(NativeMethodAccessorImpl.java:77)
	at java.base/jdk.internal.reflect.DelegatingMethodAccessorImpl.invoke(DelegatingMethodAccessorImpl.java:43)
	at java.base/java.lang.reflect.Method.invoke(Method.java:569)
	at org.springframework.web.method.support.InvocableHandlerMethod.doInvoke(InvocableHandlerMethod.java:255)
	at org.springframework.web.method.support.InvocableHandlerMethod.invokeForRequest(InvocableHandlerMethod.java:188)
	at org.springframework.web.servlet.mvc.method.annotation.ServletInvocableHandlerMethod.invokeAndHandle(ServletInvocableHandlerMethod.java:118)
	at org.springframework.web.servlet.mvc.method.annotation.RequestMappingHandlerAdapter.invokeHandlerMethod(RequestMappingHandlerAdapter.java:926)
	at org.springframework.web.servlet.mvc.method.annotation.RequestMappingHandlerAdapter.handleInternal(RequestMappingHandlerAdapter.java:831)
	at org.springframework.web.servlet.mvc.method.AbstractHandlerMethodAdapter.handle(AbstractHandlerMethodAdapter.java:87)
	at org.springframework.web.servlet.DispatcherServlet.doDispatch(DispatcherServlet.java:1089)
	at org.springframework.web.servlet.DispatcherServlet.doService(DispatcherServlet.java:979)
	at org.springframework.web.servlet.FrameworkServlet.processRequest(FrameworkServlet.java:1014)
	at org.springframework.web.servlet.FrameworkServlet.doGet(FrameworkServlet.java:903)
	at jakarta.servlet.http.HttpServlet.service(HttpServlet.java:564)
	at org.springframework.web.servlet.FrameworkServlet.service(FrameworkServlet.java:885)
	at jakarta.servlet.http.HttpServlet.service(HttpServlet.java:658)
	at org.apache.catalina.core.ApplicationFilterChain.internalDoFilter(ApplicationFilterChain.java:206)
	at org.apache.catalina.core.ApplicationFilterChain.doFilter(ApplicationFilterChain.java:150)
	at org.apache.tomcat.websocket.server.WsFilter.doFilter(WsFilter.java:51)
	at org.apache.catalina.core.ApplicationFilterChain.internalDoFilter(ApplicationFilterChain.java:175)
	at org.apache.catalina.core.ApplicationFilterChain.doFilter(ApplicationFilterChain.java:150)
	at org.springframework.web.filter.OncePerRequestFilter.doFilter(OncePerRequestFilter.java:110)
	at org.apache.catalina.core.ApplicationFilterChain.internalDoFilter(ApplicationFilterChain.java:175)
	at org.apache.catalina.core.ApplicationFilterChain.doFilter(ApplicationFilterChain.java:150)
	at org.springframework.web.filter.CompositeFilter$VirtualFilterChain.doFilter(CompositeFilter.java:108)
	at org.springframework.security.web.FilterChainProxy.lambda$doFilterInternal$3(FilterChainProxy.java:231)
	at org.springframework.security.web.ObservationFilterChainDecorator$FilterObservation$SimpleFilterObservation.lambda$wrap$1(ObservationFilterChainDecorator.java:479)
	at org.springframework.security.web.ObservationFilterChainDecorator$AroundFilterObservation$SimpleAroundFilterObservation.lambda$wrap$1(ObservationFilterChainDecorator.java:340)
	at org.springframework.security.web.ObservationFilterChainDecorator.lambda$wrapSecured$0(ObservationFilterChainDecorator.java:82)
	at org.springframework.security.web.ObservationFilterChainDecorator$VirtualFilterChain.doFilter(ObservationFilterChainDecorator.java:128)
	at org.springframework.security.web.access.intercept.AuthorizationFilter.doFilter(AuthorizationFilter.java:100)
	at org.springframework.security.web.ObservationFilterChainDecorator$ObservationFilter.wrapFilter(ObservationFilterChainDecorator.java:240)
	at org.springframework.security.web.ObservationFilterChainDecorator$ObservationFilter.doFilter(ObservationFilterChainDecorator.java:227)
	at org.springframework.security.web.ObservationFilterChainDecorator$VirtualFilterChain.doFilter(ObservationFilterChainDecorator.java:137)
	at org.springframework.security.web.access.ExceptionTranslationFilter.doFilter(ExceptionTranslationFilter.java:126)
	at org.springframework.security.web.access.ExceptionTranslationFilter.doFilter(ExceptionTranslationFilter.java:120)
	at org.springframework.security.web.ObservationFilterChainDecorator$ObservationFilter.wrapFilter(ObservationFilterChainDecorator.java:240)
	at org.springframework.security.web.ObservationFilterChainDecorator$ObservationFilter.doFilter(ObservationFilterChainDecorator.java:227)
	at org.springframework.security.web.ObservationFilterChainDecorator$VirtualFilterChain.doFilter(ObservationFilterChainDecorator.java:137)
	at org.springframework.security.web.session.SessionManagementFilter.doFilter(SessionManagementFilter.java:131)
	at org.springframework.security.web.session.SessionManagementFilter.doFilter(SessionManagementFilter.java:85)
	at org.springframework.security.web.ObservationFilterChainDecorator$ObservationFilter.wrapFilter(ObservationFilterChainDecorator.java:240)
	at org.springframework.security.web.ObservationFilterChainDecorator$ObservationFilter.doFilter(ObservationFilterChainDecorator.java:227)
	at org.springframework.security.web.ObservationFilterChainDecorator$VirtualFilterChain.doFilter(ObservationFilterChainDecorator.java:137)
	at org.springframework.security.web.authentication.AnonymousAuthenticationFilter.doFilter(AnonymousAuthenticationFilter.java:100)
	at org.springframework.security.web.ObservationFilterChainDecorator$ObservationFilter.wrapFilter(ObservationFilterChainDecorator.java:240)
	at org.springframework.security.web.ObservationFilterChainDecorator$ObservationFilter.doFilter(ObservationFilterChainDecorator.java:227)
	at org.springframework.security.web.ObservationFilterChainDecorator$VirtualFilterChain.doFilter(ObservationFilterChainDecorator.java:137)
	at org.springframework.security.web.servletapi.SecurityContextHolderAwareRequestFilter.doFilter(SecurityContextHolderAwareRequestFilter.java:179)
	at org.springframework.security.web.ObservationFilterChainDecorator$ObservationFilter.wrapFilter(ObservationFilterChainDecorator.java:240)
	at org.springframework.security.web.ObservationFilterChainDecorator$ObservationFilter.doFilter(ObservationFilterChainDecorator.java:227)
	at org.springframework.security.web.ObservationFilterChainDecorator$VirtualFilterChain.doFilter(ObservationFilterChainDecorator.java:137)
	at org.springframework.security.web.savedrequest.RequestCacheAwareFilter.doFilter(RequestCacheAwareFilter.java:63)
	at org.springframework.security.web.ObservationFilterChainDecorator$ObservationFilter.wrapFilter(ObservationFilterChainDecorator.java:240)
	at org.springframework.security.web.ObservationFilterChainDecorator$ObservationFilter.doFilter(ObservationFilterChainDecorator.java:227)
	at org.springframework.security.web.ObservationFilterChainDecorator$VirtualFilterChain.doFilter(ObservationFilterChainDecorator.java:137)
	at ru.senla.javacourse.mutovin.messenger.impl.utils.JwtAuthenticationFilter.doFilterInternal(JwtAuthenticationFilter.java:72)
	at org.springframework.web.filter.OncePerRequestFilter.doFilter(OncePerRequestFilter.java:116)
	at org.springframework.security.web.ObservationFilterChainDecorator$ObservationFilter.wrapFilter(ObservationFilterChainDecorator.java:240)
	at org.springframework.security.web.ObservationFilterChainDecorator$ObservationFilter.doFilter(ObservationFilterChainDecorator.java:227)
	at org.springframework.security.web.ObservationFilterChainDecorator$VirtualFilterChain.doFilter(ObservationFilterChainDecorator.java:137)
	at org.springframework.security.web.authentication.logout.LogoutFilter.doFilter(LogoutFilter.java:107)
	at org.springframework.security.web.authentication.logout.LogoutFilter.doFilter(LogoutFilter.java:93)
	at org.springframework.security.web.ObservationFilterChainDecorator$ObservationFilter.wrapFilter(ObservationFilterChainDecorator.java:240)
	at org.springframework.security.web.ObservationFilterChainDecorator$ObservationFilter.doFilter(ObservationFilterChainDecorator.java:227)
	at org.springframework.security.web.ObservationFilterChainDecorator$VirtualFilterChain.doFilter(ObservationFilterChainDecorator.java:137)
	at org.springframework.web.filter.CorsFilter.doFilterInternal(CorsFilter.java:91)
	at org.springframework.web.filter.OncePerRequestFilter.doFilter(OncePerRequestFilter.java:116)
	at org.springframework.security.web.ObservationFilterChainDecorator$ObservationFilter.wrapFilter(ObservationFilterChainDecorator.java:240)
	at org.springframework.security.web.ObservationFilterChainDecorator$ObservationFilter.doFilter(ObservationFilterChainDecorator.java:227)
	at org.springframework.security.web.ObservationFilterChainDecorator$VirtualFilterChain.doFilter(ObservationFilterChainDecorator.java:137)
	at org.springframework.security.web.header.HeaderWriterFilter.doHeadersAfter(HeaderWriterFilter.java:90)
	at org.springframework.security.web.header.HeaderWriterFilter.doFilterInternal(HeaderWriterFilter.java:75)
	at org.springframework.web.filter.OncePerRequestFilter.doFilter(OncePerRequestFilter.java:116)
	at org.springframework.security.web.ObservationFilterChainDecorator$ObservationFilter.wrapFilter(ObservationFilterChainDecorator.java:240)
	at org.springframework.security.web.ObservationFilterChainDecorator$ObservationFilter.doFilter(ObservationFilterChainDecorator.java:227)
	at org.springframework.security.web.ObservationFilterChainDecorator$VirtualFilterChain.doFilter(ObservationFilterChainDecorator.java:137)
	at org.springframework.security.web.context.SecurityContextHolderFilter.doFilter(SecurityContextHolderFilter.java:82)
	at org.springframework.security.web.context.SecurityContextHolderFilter.doFilter(SecurityContextHolderFilter.java:69)
	at org.springframework.security.web.ObservationFilterChainDecorator$ObservationFilter.wrapFilter(ObservationFilterChainDecorator.java:240)
	at org.springframework.security.web.ObservationFilterChainDecorator$ObservationFilter.doFilter(ObservationFilterChainDecorator.java:227)
	at org.springframework.security.web.ObservationFilterChainDecorator$VirtualFilterChain.doFilter(ObservationFilterChainDecorator.java:137)
	at org.springframework.security.web.context.request.async.WebAsyncManagerIntegrationFilter.doFilterInternal(WebAsyncManagerIntegrationFilter.java:62)
	at org.springframework.web.filter.OncePerRequestFilter.doFilter(OncePerRequestFilter.java:116)
	at org.springframework.security.web.ObservationFilterChainDecorator$ObservationFilter.wrapFilter(ObservationFilterChainDecorator.java:240)
	at org.springframework.security.web.ObservationFilterChainDecorator$ObservationFilter.doFilter(ObservationFilterChainDecorator.java:227)
	at org.springframework.security.web.ObservationFilterChainDecorator$VirtualFilterChain.doFilter(ObservationFilterChainDecorator.java:137)
	at org.springframework.security.web.session.DisableEncodeUrlFilter.doFilterInternal(DisableEncodeUrlFilter.java:42)
	at org.springframework.web.filter.OncePerRequestFilter.doFilter(OncePerRequestFilter.java:116)
	at org.springframework.security.web.ObservationFilterChainDecorator$ObservationFilter.wrapFilter(ObservationFilterChainDecorator.java:240)
	at org.springframework.security.web.ObservationFilterChainDecorator$AroundFilterObservation$SimpleAroundFilterObservation.lambda$wrap$0(ObservationFilterChainDecorator.java:323)
	at org.springframework.security.web.ObservationFilterChainDecorator$ObservationFilter.doFilter(ObservationFilterChainDecorator.java:224)
	at org.springframework.security.web.ObservationFilterChainDecorator$VirtualFilterChain.doFilter(ObservationFilterChainDecorator.java:137)
	at org.springframework.security.web.FilterChainProxy.doFilterInternal(FilterChainProxy.java:233)
	at org.springframework.security.web.FilterChainProxy.doFilter(FilterChainProxy.java:191)
	at org.springframework.web.filter.CompositeFilter$VirtualFilterChain.doFilter(CompositeFilter.java:113)
	at org.springframework.web.servlet.handler.HandlerMappingIntrospector.lambda$createCacheFilter$3(HandlerMappingIntrospector.java:195)
	at org.springframework.web.filter.CompositeFilter$VirtualFilterChain.doFilter(CompositeFilter.java:113)
	at org.springframework.web.filter.CompositeFilter.doFilter(CompositeFilter.java:74)
	at org.springframework.security.config.annotation.web.configuration.WebMvcSecurityConfiguration$CompositeFilterChainProxy.doFilter(WebMvcSecurityConfiguration.java:230)
	at org.springframework.web.filter.DelegatingFilterProxy.invokeDelegate(DelegatingFilterProxy.java:352)
	at org.springframework.web.filter.DelegatingFilterProxy.doFilter(DelegatingFilterProxy.java:268)
	at org.apache.catalina.core.ApplicationFilterChain.internalDoFilter(ApplicationFilterChain.java:175)
	at org.apache.catalina.core.ApplicationFilterChain.doFilter(ApplicationFilterChain.java:150)
	at org.springframework.web.filter.RequestContextFilter.doFilterInternal(RequestContextFilter.java:100)
	at org.springframework.web.filter.OncePerRequestFilter.doFilter(OncePerRequestFilter.java:116)
	at org.apache.catalina.core.ApplicationFilterChain.internalDoFilter(ApplicationFilterChain.java:175)
	at org.apache.catalina.core.ApplicationFilterChain.doFilter(ApplicationFilterChain.java:150)
	at org.springframework.web.filter.FormContentFilter.doFilterInternal(FormContentFilter.java:93)
	at org.springframework.web.filter.OncePerRequestFilter.doFilter(OncePerRequestFilter.java:116)
	at org.apache.catalina.core.ApplicationFilterChain.internalDoFilter(ApplicationFilterChain.java:175)
	at org.apache.catalina.core.ApplicationFilterChain.doFilter(ApplicationFilterChain.java:150)
	at org.springframework.web.filter.ServerHttpObservationFilter.doFilterInternal(ServerHttpObservationFilter.java:109)
	at org.springframework.web.filter.OncePerRequestFilter.doFilter(OncePerRequestFilter.java:116)
	at org.apache.catalina.core.ApplicationFilterChain.internalDoFilter(ApplicationFilterChain.java:175)
	at org.apache.catalina.core.ApplicationFilterChain.doFilter(ApplicationFilterChain.java:150)
	at org.springframework.web.filter.CharacterEncodingFilter.doFilterInternal(CharacterEncodingFilter.java:201)
	at org.springframework.web.filter.OncePerRequestFilter.doFilter(OncePerRequestFilter.java:116)
	at org.apache.catalina.core.ApplicationFilterChain.internalDoFilter(ApplicationFilterChain.java:175)
	at org.apache.catalina.core.ApplicationFilterChain.doFilter(ApplicationFilterChain.java:150)
	at org.apache.catalina.core.StandardWrapperValve.invoke(StandardWrapperValve.java:167)
	at org.apache.catalina.core.StandardContextValve.invoke(StandardContextValve.java:90)
	at org.apache.catalina.authenticator.AuthenticatorBase.invoke(AuthenticatorBase.java:482)
	at org.apache.catalina.core.StandardHostValve.invoke(StandardHostValve.java:115)
	at org.apache.catalina.valves.ErrorReportValve.invoke(ErrorReportValve.java:93)
	at org.apache.catalina.core.StandardEngineValve.invoke(StandardEngineValve.java:74)
	at org.apache.catalina.connector.CoyoteAdapter.service(CoyoteAdapter.java:344)
	at org.apache.coyote.http11.Http11Processor.service(Http11Processor.java:391)
	at org.apache.coyote.AbstractProcessorLight.process(AbstractProcessorLight.java:63)
	at org.apache.coyote.AbstractProtocol$ConnectionHandler.process(AbstractProtocol.java:896)
	at org.apache.tomcat.util.net.NioEndpoint$SocketProcessor.doRun(NioEndpoint.java:1736)
	at org.apache.tomcat.util.net.SocketProcessorBase.run(SocketProcessorBase.java:52)
	at org.apache.tomcat.util.threads.ThreadPoolExecutor.runWorker(ThreadPoolExecutor.java:1191)
	at org.apache.tomcat.util.threads.ThreadPoolExecutor$Worker.run(ThreadPoolExecutor.java:659)
	at org.apache.tomcat.util.threads.TaskThread$WrappingRunnable.run(TaskThread.java:63)
	at java.base/java.lang.Thread.run(Thread.java:840)
Caused by: org.postgresql.util.PSQLException: ОШИБКА: отношение "chats" не существует
  Позиция: 95
  Местонахождение: Файл parse_relation.c, Процедура: parserOpenTable, Строка: 1452
  SQLState сервера: 42P01
	at org.postgresql.core.v3.QueryExecutorImpl.receiveErrorResponse(QueryExecutorImpl.java:2733)
	at org.postgresql.core.v3.QueryExecutorImpl.processResults(QueryExecutorImpl.java:2420)
	at org.postgresql.core.v3.QueryExecutorImpl.execute(QueryExecutorImpl.java:372)
	at org.postgresql.jdbc.PgStatement.executeInternal(PgStatement.java:517)
	at org.postgresql.jdbc.PgStatement.execute(PgStatement.java:434)
	at org.postgresql.jdbc.PgPreparedStatement.executeWithFlags(PgPreparedStatement.java:194)
	at org.postgresql.jdbc.PgPreparedStatement.executeQuery(PgPreparedStatement.java:137)
	at org.hibernate.sql.results.jdbc.internal.DeferredResultSetAccess.executeQuery(DeferredResultSetAccess.java:246)
	... 188 common frames omitted
2025-05-09 22:48:34 [SpringApplicationShutdownHook] INFO  o.hibernate.orm.connections.pooling - HHH10001008: Cleaning up connection pool [jdbc:postgresql://localhost:6666/messenger]
2025-05-09 22:50:54 [background-preinit] INFO  o.h.validator.internal.util.Version - HV000001: Hibernate Validator 8.0.1.Final
2025-05-09 22:50:54 [main] INFO  r.s.j.m.m.a.MessengerApplication - Starting MessengerApplication using Java 17.0.12 with PID 3060 (C:\Users\tanki\pet-projects\Messenger\messenger-application\target\classes started by tanki in C:\Users\tanki\pet-projects\Messenger)
2025-05-09 22:50:54 [main] INFO  r.s.j.m.m.a.MessengerApplication - No active profile set, falling back to 1 default profile: "default"
2025-05-09 22:50:59 [main] INFO  o.s.b.w.e.tomcat.TomcatWebServer - Tomcat initialized with port 8080 (http)
2025-05-09 22:50:59 [main] INFO  o.a.coyote.http11.Http11NioProtocol - Initializing ProtocolHandler ["http-nio-8080"]
2025-05-09 22:50:59 [main] INFO  o.a.catalina.core.StandardService - Starting service [Tomcat]
2025-05-09 22:50:59 [main] INFO  o.a.catalina.core.StandardEngine - Starting Servlet engine: [Apache Tomcat/10.1.20]
2025-05-09 22:50:59 [main] INFO  o.a.c.c.C.[Tomcat].[localhost].[/] - Initializing Spring embedded WebApplicationContext
2025-05-09 22:50:59 [main] INFO  o.s.b.w.s.c.ServletWebServerApplicationContext - Root WebApplicationContext: initialization completed in 5119 ms
2025-05-09 22:51:00 [main] INFO  org.hibernate.Version - HHH000412: Hibernate ORM core version 6.5.3.Final
2025-05-09 22:51:01 [main] INFO  o.h.c.i.RegionFactoryInitiator - HHH000026: Second-level cache disabled
2025-05-09 22:51:01 [main] INFO  o.hibernate.orm.connections.pooling - HHH10001005: Loaded JDBC driver class: org.postgresql.Driver
2025-05-09 22:51:01 [main] INFO  o.hibernate.orm.connections.pooling - HHH10001012: Connecting with JDBC URL [jdbc:postgresql://localhost:6666/messenger]
2025-05-09 22:51:01 [main] INFO  o.hibernate.orm.connections.pooling - HHH10001001: Connection properties: {password=qwerty, user=postgres}
2025-05-09 22:51:01 [main] INFO  o.hibernate.orm.connections.pooling - HHH10001003: Autocommit mode: false
2025-05-09 22:51:01 [main] INFO  o.hibernate.orm.connections.pooling - HHH10001115: Connection pool size: 20 (min=1)
2025-05-09 22:51:06 [main] INFO  o.h.e.t.j.p.i.JtaPlatformInitiator - HHH000489: No JTA platform available (set 'hibernate.transaction.jta.platform' to enable JTA platform integration)
2025-05-09 22:51:07 [main] INFO  o.s.b.a.e.web.EndpointLinksResolver - Exposing 1 endpoint(s) beneath base path '/actuator'
2025-05-09 22:51:08 [main] INFO  o.s.s.web.DefaultSecurityFilterChain - Will secure any request with [org.springframework.security.web.session.DisableEncodeUrlFilter@5687e92d, org.springframework.security.web.context.request.async.WebAsyncManagerIntegrationFilter@2eef43f5, org.springframework.security.web.context.SecurityContextHolderFilter@55fc6344, org.springframework.security.web.header.HeaderWriterFilter@179e8859, org.springframework.web.filter.CorsFilter@2c10f9f3, org.springframework.security.web.authentication.logout.LogoutFilter@5444c63f, ru.senla.javacourse.mutovin.messenger.impl.utils.JwtAuthenticationFilter@24ccc91b, org.springframework.security.web.savedrequest.RequestCacheAwareFilter@267d9cc0, org.springframework.security.web.servletapi.SecurityContextHolderAwareRequestFilter@44a7a331, org.springframework.security.web.authentication.AnonymousAuthenticationFilter@6c65a7fc, org.springframework.security.web.session.SessionManagementFilter@197c3101, org.springframework.security.web.access.ExceptionTranslationFilter@58c48a23, org.springframework.security.web.access.intercept.AuthorizationFilter@539570b8]
2025-05-09 22:51:09 [main] INFO  o.a.coyote.http11.Http11NioProtocol - Starting ProtocolHandler ["http-nio-8080"]
2025-05-09 22:51:09 [main] INFO  o.s.b.w.e.tomcat.TomcatWebServer - Tomcat started on port 8080 (http) with context path ''
2025-05-09 22:51:09 [main] INFO  r.s.j.m.m.a.MessengerApplication - Started MessengerApplication in 16.613 seconds (process running for 19.037)
2025-05-09 22:52:02 [http-nio-8080-exec-1] INFO  o.a.c.c.C.[Tomcat].[localhost].[/] - Initializing Spring DispatcherServlet 'dispatcherServlet'
2025-05-09 22:52:02 [http-nio-8080-exec-1] INFO  o.s.web.servlet.DispatcherServlet - Initializing Servlet 'dispatcherServlet'
2025-05-09 22:52:02 [http-nio-8080-exec-1] INFO  o.s.web.servlet.DispatcherServlet - Completed initialization in 3 ms
2025-05-09 22:52:04 [http-nio-8080-exec-9] INFO  o.s.api.AbstractOpenApiResource - Init duration for springdoc-openapi is: 814 ms
2025-05-09 22:52:24 [http-nio-8080-exec-4] INFO  o.h.e.i.DefaultLoadEventListener - HHH000327: Error performing load command
org.hibernate.exception.SQLGrammarException: JDBC exception executing SQL [select c1_0.id,c1_0.created_at,c1_0.creator_id,c1_0.is_private,c1_0.name,c1_0.updated_at from chats c1_0 where c1_0.id=?] [ОШИБКА: отношение "chats" не существует
  Позиция: 95
  Местонахождение: Файл parse_relation.c, Процедура: parserOpenTable, Строка: 1452
  SQLState сервера: 42P01] [n/a]
	at org.hibernate.exception.internal.SQLStateConversionDelegate.convert(SQLStateConversionDelegate.java:91)
	at org.hibernate.exception.internal.StandardSQLExceptionConverter.convert(StandardSQLExceptionConverter.java:58)
	at org.hibernate.engine.jdbc.spi.SqlExceptionHelper.convert(SqlExceptionHelper.java:108)
	at org.hibernate.engine.jdbc.spi.SqlExceptionHelper.convert(SqlExceptionHelper.java:94)
	at org.hibernate.sql.results.jdbc.internal.DeferredResultSetAccess.executeQuery(DeferredResultSetAccess.java:264)
	at org.hibernate.sql.results.jdbc.internal.DeferredResultSetAccess.getResultSet(DeferredResultSetAccess.java:167)
	at org.hibernate.sql.results.jdbc.internal.JdbcValuesResultSetImpl.advanceNext(JdbcValuesResultSetImpl.java:265)
	at org.hibernate.sql.results.jdbc.internal.JdbcValuesResultSetImpl.processNext(JdbcValuesResultSetImpl.java:145)
	at org.hibernate.sql.results.jdbc.internal.AbstractJdbcValues.next(AbstractJdbcValues.java:19)
	at org.hibernate.sql.results.internal.RowProcessingStateStandardImpl.next(RowProcessingStateStandardImpl.java:67)
	at org.hibernate.sql.results.spi.ListResultsConsumer.consume(ListResultsConsumer.java:182)
	at org.hibernate.sql.results.spi.ListResultsConsumer.consume(ListResultsConsumer.java:33)
	at org.hibernate.sql.exec.internal.JdbcSelectExecutorStandardImpl.doExecuteQuery(JdbcSelectExecutorStandardImpl.java:211)
	at org.hibernate.sql.exec.internal.JdbcSelectExecutorStandardImpl.executeQuery(JdbcSelectExecutorStandardImpl.java:83)
	at org.hibernate.sql.exec.spi.JdbcSelectExecutor.list(JdbcSelectExecutor.java:76)
	at org.hibernate.sql.exec.spi.JdbcSelectExecutor.list(JdbcSelectExecutor.java:65)
	at org.hibernate.loader.ast.internal.SingleIdLoadPlan.load(SingleIdLoadPlan.java:145)
	at org.hibernate.loader.ast.internal.SingleIdLoadPlan.load(SingleIdLoadPlan.java:117)
	at org.hibernate.loader.ast.internal.SingleIdEntityLoaderStandardImpl.load(SingleIdEntityLoaderStandardImpl.java:75)
	at org.hibernate.persister.entity.AbstractEntityPersister.doLoad(AbstractEntityPersister.java:3740)
	at org.hibernate.persister.entity.AbstractEntityPersister.load(AbstractEntityPersister.java:3729)
	at org.hibernate.event.internal.DefaultLoadEventListener.loadFromDatasource(DefaultLoadEventListener.java:604)
	at org.hibernate.event.internal.DefaultLoadEventListener.loadFromCacheOrDatasource(DefaultLoadEventListener.java:590)
	at org.hibernate.event.internal.DefaultLoadEventListener.load(DefaultLoadEventListener.java:560)
	at org.hibernate.event.internal.DefaultLoadEventListener.doLoad(DefaultLoadEventListener.java:544)
	at org.hibernate.event.internal.DefaultLoadEventListener.load(DefaultLoadEventListener.java:207)
	at org.hibernate.event.internal.DefaultLoadEventListener.loadWithRegularProxy(DefaultLoadEventListener.java:290)
	at org.hibernate.event.internal.DefaultLoadEventListener.proxyOrLoad(DefaultLoadEventListener.java:242)
	at org.hibernate.event.internal.DefaultLoadEventListener.doOnLoad(DefaultLoadEventListener.java:111)
	at org.hibernate.event.internal.DefaultLoadEventListener.onLoad(DefaultLoadEventListener.java:68)
	at org.hibernate.event.service.internal.EventListenerGroupImpl.fireEventOnEachListener(EventListenerGroupImpl.java:138)
	at org.hibernate.internal.SessionImpl.fireLoadNoChecks(SessionImpl.java:1225)
	at org.hibernate.internal.SessionImpl.fireLoad(SessionImpl.java:1213)
	at org.hibernate.loader.internal.IdentifierLoadAccessImpl.load(IdentifierLoadAccessImpl.java:209)
	at org.hibernate.loader.internal.IdentifierLoadAccessImpl.doLoad(IdentifierLoadAccessImpl.java:160)
	at org.hibernate.loader.internal.IdentifierLoadAccessImpl.lambda$load$1(IdentifierLoadAccessImpl.java:149)
	at org.hibernate.loader.internal.IdentifierLoadAccessImpl.perform(IdentifierLoadAccessImpl.java:112)
	at org.hibernate.loader.internal.IdentifierLoadAccessImpl.load(IdentifierLoadAccessImpl.java:149)
	at org.hibernate.internal.SessionImpl.find(SessionImpl.java:2429)
	at org.hibernate.internal.SessionImpl.find(SessionImpl.java:2395)
	at ru.senla.javacourse.mutovin.messenger.impl.repository.impl.ChatRepositoryImpl.findById(ChatRepositoryImpl.java:40)
	at java.base/jdk.internal.reflect.NativeMethodAccessorImpl.invoke0(Native Method)
	at java.base/jdk.internal.reflect.NativeMethodAccessorImpl.invoke(NativeMethodAccessorImpl.java:77)
	at java.base/jdk.internal.reflect.DelegatingMethodAccessorImpl.invoke(DelegatingMethodAccessorImpl.java:43)
	at java.base/java.lang.reflect.Method.invoke(Method.java:569)
	at org.springframework.aop.support.AopUtils.invokeJoinpointUsingReflection(AopUtils.java:354)
	at org.springframework.aop.framework.ReflectiveMethodInvocation.invokeJoinpoint(ReflectiveMethodInvocation.java:196)
	at org.springframework.aop.framework.ReflectiveMethodInvocation.proceed(ReflectiveMethodInvocation.java:163)
	at org.springframework.aop.framework.CglibAopProxy$CglibMethodInvocation.proceed(CglibAopProxy.java:768)
	at org.springframework.dao.support.PersistenceExceptionTranslationInterceptor.invoke(PersistenceExceptionTranslationInterceptor.java:137)
	at org.springframework.aop.framework.ReflectiveMethodInvocation.proceed(ReflectiveMethodInvocation.java:184)
	at org.springframework.aop.framework.CglibAopProxy$CglibMethodInvocation.proceed(CglibAopProxy.java:768)
	at org.springframework.aop.framework.CglibAopProxy$DynamicAdvisedInterceptor.intercept(CglibAopProxy.java:720)
	at ru.senla.javacourse.mutovin.messenger.impl.repository.impl.ChatRepositoryImpl$$SpringCGLIB$$0.findById(<generated>)
	at ru.senla.javacourse.mutovin.messenger.impl.service.impl.ChatServiceImpl.getChatById(ChatServiceImpl.java:205)
	at ru.senla.javacourse.mutovin.messenger.impl.controller.ChatControllerImpl.getChatById(ChatControllerImpl.java:238)
	at java.base/jdk.internal.reflect.NativeMethodAccessorImpl.invoke0(Native Method)
	at java.base/jdk.internal.reflect.NativeMethodAccessorImpl.invoke(NativeMethodAccessorImpl.java:77)
	at java.base/jdk.internal.reflect.DelegatingMethodAccessorImpl.invoke(DelegatingMethodAccessorImpl.java:43)
	at java.base/java.lang.reflect.Method.invoke(Method.java:569)
	at org.springframework.web.method.support.InvocableHandlerMethod.doInvoke(InvocableHandlerMethod.java:255)
	at org.springframework.web.method.support.InvocableHandlerMethod.invokeForRequest(InvocableHandlerMethod.java:188)
	at org.springframework.web.servlet.mvc.method.annotation.ServletInvocableHandlerMethod.invokeAndHandle(ServletInvocableHandlerMethod.java:118)
	at org.springframework.web.servlet.mvc.method.annotation.RequestMappingHandlerAdapter.invokeHandlerMethod(RequestMappingHandlerAdapter.java:926)
	at org.springframework.web.servlet.mvc.method.annotation.RequestMappingHandlerAdapter.handleInternal(RequestMappingHandlerAdapter.java:831)
	at org.springframework.web.servlet.mvc.method.AbstractHandlerMethodAdapter.handle(AbstractHandlerMethodAdapter.java:87)
	at org.springframework.web.servlet.DispatcherServlet.doDispatch(DispatcherServlet.java:1089)
	at org.springframework.web.servlet.DispatcherServlet.doService(DispatcherServlet.java:979)
	at org.springframework.web.servlet.FrameworkServlet.processRequest(FrameworkServlet.java:1014)
	at org.springframework.web.servlet.FrameworkServlet.doGet(FrameworkServlet.java:903)
	at jakarta.servlet.http.HttpServlet.service(HttpServlet.java:564)
	at org.springframework.web.servlet.FrameworkServlet.service(FrameworkServlet.java:885)
	at jakarta.servlet.http.HttpServlet.service(HttpServlet.java:658)
	at org.apache.catalina.core.ApplicationFilterChain.internalDoFilter(ApplicationFilterChain.java:206)
	at org.apache.catalina.core.ApplicationFilterChain.doFilter(ApplicationFilterChain.java:150)
	at org.apache.tomcat.websocket.server.WsFilter.doFilter(WsFilter.java:51)
	at org.apache.catalina.core.ApplicationFilterChain.internalDoFilter(ApplicationFilterChain.java:175)
	at org.apache.catalina.core.ApplicationFilterChain.doFilter(ApplicationFilterChain.java:150)
	at org.springframework.web.filter.OncePerRequestFilter.doFilter(OncePerRequestFilter.java:110)
	at org.apache.catalina.core.ApplicationFilterChain.internalDoFilter(ApplicationFilterChain.java:175)
	at org.apache.catalina.core.ApplicationFilterChain.doFilter(ApplicationFilterChain.java:150)
	at org.springframework.web.filter.CompositeFilter$VirtualFilterChain.doFilter(CompositeFilter.java:108)
	at org.springframework.security.web.FilterChainProxy.lambda$doFilterInternal$3(FilterChainProxy.java:231)
	at org.springframework.security.web.ObservationFilterChainDecorator$FilterObservation$SimpleFilterObservation.lambda$wrap$1(ObservationFilterChainDecorator.java:479)
	at org.springframework.security.web.ObservationFilterChainDecorator$AroundFilterObservation$SimpleAroundFilterObservation.lambda$wrap$1(ObservationFilterChainDecorator.java:340)
	at org.springframework.security.web.ObservationFilterChainDecorator.lambda$wrapSecured$0(ObservationFilterChainDecorator.java:82)
	at org.springframework.security.web.ObservationFilterChainDecorator$VirtualFilterChain.doFilter(ObservationFilterChainDecorator.java:128)
	at org.springframework.security.web.access.intercept.AuthorizationFilter.doFilter(AuthorizationFilter.java:100)
	at org.springframework.security.web.ObservationFilterChainDecorator$ObservationFilter.wrapFilter(ObservationFilterChainDecorator.java:240)
	at org.springframework.security.web.ObservationFilterChainDecorator$ObservationFilter.doFilter(ObservationFilterChainDecorator.java:227)
	at org.springframework.security.web.ObservationFilterChainDecorator$VirtualFilterChain.doFilter(ObservationFilterChainDecorator.java:137)
	at org.springframework.security.web.access.ExceptionTranslationFilter.doFilter(ExceptionTranslationFilter.java:126)
	at org.springframework.security.web.access.ExceptionTranslationFilter.doFilter(ExceptionTranslationFilter.java:120)
	at org.springframework.security.web.ObservationFilterChainDecorator$ObservationFilter.wrapFilter(ObservationFilterChainDecorator.java:240)
	at org.springframework.security.web.ObservationFilterChainDecorator$ObservationFilter.doFilter(ObservationFilterChainDecorator.java:227)
	at org.springframework.security.web.ObservationFilterChainDecorator$VirtualFilterChain.doFilter(ObservationFilterChainDecorator.java:137)
	at org.springframework.security.web.session.SessionManagementFilter.doFilter(SessionManagementFilter.java:131)
	at org.springframework.security.web.session.SessionManagementFilter.doFilter(SessionManagementFilter.java:85)
	at org.springframework.security.web.ObservationFilterChainDecorator$ObservationFilter.wrapFilter(ObservationFilterChainDecorator.java:240)
	at org.springframework.security.web.ObservationFilterChainDecorator$ObservationFilter.doFilter(ObservationFilterChainDecorator.java:227)
	at org.springframework.security.web.ObservationFilterChainDecorator$VirtualFilterChain.doFilter(ObservationFilterChainDecorator.java:137)
	at org.springframework.security.web.authentication.AnonymousAuthenticationFilter.doFilter(AnonymousAuthenticationFilter.java:100)
	at org.springframework.security.web.ObservationFilterChainDecorator$ObservationFilter.wrapFilter(ObservationFilterChainDecorator.java:240)
	at org.springframework.security.web.ObservationFilterChainDecorator$ObservationFilter.doFilter(ObservationFilterChainDecorator.java:227)
	at org.springframework.security.web.ObservationFilterChainDecorator$VirtualFilterChain.doFilter(ObservationFilterChainDecorator.java:137)
	at org.springframework.security.web.servletapi.SecurityContextHolderAwareRequestFilter.doFilter(SecurityContextHolderAwareRequestFilter.java:179)
	at org.springframework.security.web.ObservationFilterChainDecorator$ObservationFilter.wrapFilter(ObservationFilterChainDecorator.java:240)
	at org.springframework.security.web.ObservationFilterChainDecorator$ObservationFilter.doFilter(ObservationFilterChainDecorator.java:227)
	at org.springframework.security.web.ObservationFilterChainDecorator$VirtualFilterChain.doFilter(ObservationFilterChainDecorator.java:137)
	at org.springframework.security.web.savedrequest.RequestCacheAwareFilter.doFilter(RequestCacheAwareFilter.java:63)
	at org.springframework.security.web.ObservationFilterChainDecorator$ObservationFilter.wrapFilter(ObservationFilterChainDecorator.java:240)
	at org.springframework.security.web.ObservationFilterChainDecorator$ObservationFilter.doFilter(ObservationFilterChainDecorator.java:227)
	at org.springframework.security.web.ObservationFilterChainDecorator$VirtualFilterChain.doFilter(ObservationFilterChainDecorator.java:137)
	at ru.senla.javacourse.mutovin.messenger.impl.utils.JwtAuthenticationFilter.doFilterInternal(JwtAuthenticationFilter.java:72)
	at org.springframework.web.filter.OncePerRequestFilter.doFilter(OncePerRequestFilter.java:116)
	at org.springframework.security.web.ObservationFilterChainDecorator$ObservationFilter.wrapFilter(ObservationFilterChainDecorator.java:240)
	at org.springframework.security.web.ObservationFilterChainDecorator$ObservationFilter.doFilter(ObservationFilterChainDecorator.java:227)
	at org.springframework.security.web.ObservationFilterChainDecorator$VirtualFilterChain.doFilter(ObservationFilterChainDecorator.java:137)
	at org.springframework.security.web.authentication.logout.LogoutFilter.doFilter(LogoutFilter.java:107)
	at org.springframework.security.web.authentication.logout.LogoutFilter.doFilter(LogoutFilter.java:93)
	at org.springframework.security.web.ObservationFilterChainDecorator$ObservationFilter.wrapFilter(ObservationFilterChainDecorator.java:240)
	at org.springframework.security.web.ObservationFilterChainDecorator$ObservationFilter.doFilter(ObservationFilterChainDecorator.java:227)
	at org.springframework.security.web.ObservationFilterChainDecorator$VirtualFilterChain.doFilter(ObservationFilterChainDecorator.java:137)
	at org.springframework.web.filter.CorsFilter.doFilterInternal(CorsFilter.java:91)
	at org.springframework.web.filter.OncePerRequestFilter.doFilter(OncePerRequestFilter.java:116)
	at org.springframework.security.web.ObservationFilterChainDecorator$ObservationFilter.wrapFilter(ObservationFilterChainDecorator.java:240)
	at org.springframework.security.web.ObservationFilterChainDecorator$ObservationFilter.doFilter(ObservationFilterChainDecorator.java:227)
	at org.springframework.security.web.ObservationFilterChainDecorator$VirtualFilterChain.doFilter(ObservationFilterChainDecorator.java:137)
	at org.springframework.security.web.header.HeaderWriterFilter.doHeadersAfter(HeaderWriterFilter.java:90)
	at org.springframework.security.web.header.HeaderWriterFilter.doFilterInternal(HeaderWriterFilter.java:75)
	at org.springframework.web.filter.OncePerRequestFilter.doFilter(OncePerRequestFilter.java:116)
	at org.springframework.security.web.ObservationFilterChainDecorator$ObservationFilter.wrapFilter(ObservationFilterChainDecorator.java:240)
	at org.springframework.security.web.ObservationFilterChainDecorator$ObservationFilter.doFilter(ObservationFilterChainDecorator.java:227)
	at org.springframework.security.web.ObservationFilterChainDecorator$VirtualFilterChain.doFilter(ObservationFilterChainDecorator.java:137)
	at org.springframework.security.web.context.SecurityContextHolderFilter.doFilter(SecurityContextHolderFilter.java:82)
	at org.springframework.security.web.context.SecurityContextHolderFilter.doFilter(SecurityContextHolderFilter.java:69)
	at org.springframework.security.web.ObservationFilterChainDecorator$ObservationFilter.wrapFilter(ObservationFilterChainDecorator.java:240)
	at org.springframework.security.web.ObservationFilterChainDecorator$ObservationFilter.doFilter(ObservationFilterChainDecorator.java:227)
	at org.springframework.security.web.ObservationFilterChainDecorator$VirtualFilterChain.doFilter(ObservationFilterChainDecorator.java:137)
	at org.springframework.security.web.context.request.async.WebAsyncManagerIntegrationFilter.doFilterInternal(WebAsyncManagerIntegrationFilter.java:62)
	at org.springframework.web.filter.OncePerRequestFilter.doFilter(OncePerRequestFilter.java:116)
	at org.springframework.security.web.ObservationFilterChainDecorator$ObservationFilter.wrapFilter(ObservationFilterChainDecorator.java:240)
	at org.springframework.security.web.ObservationFilterChainDecorator$ObservationFilter.doFilter(ObservationFilterChainDecorator.java:227)
	at org.springframework.security.web.ObservationFilterChainDecorator$VirtualFilterChain.doFilter(ObservationFilterChainDecorator.java:137)
	at org.springframework.security.web.session.DisableEncodeUrlFilter.doFilterInternal(DisableEncodeUrlFilter.java:42)
	at org.springframework.web.filter.OncePerRequestFilter.doFilter(OncePerRequestFilter.java:116)
	at org.springframework.security.web.ObservationFilterChainDecorator$ObservationFilter.wrapFilter(ObservationFilterChainDecorator.java:240)
	at org.springframework.security.web.ObservationFilterChainDecorator$AroundFilterObservation$SimpleAroundFilterObservation.lambda$wrap$0(ObservationFilterChainDecorator.java:323)
	at org.springframework.security.web.ObservationFilterChainDecorator$ObservationFilter.doFilter(ObservationFilterChainDecorator.java:224)
	at org.springframework.security.web.ObservationFilterChainDecorator$VirtualFilterChain.doFilter(ObservationFilterChainDecorator.java:137)
	at org.springframework.security.web.FilterChainProxy.doFilterInternal(FilterChainProxy.java:233)
	at org.springframework.security.web.FilterChainProxy.doFilter(FilterChainProxy.java:191)
	at org.springframework.web.filter.CompositeFilter$VirtualFilterChain.doFilter(CompositeFilter.java:113)
	at org.springframework.web.servlet.handler.HandlerMappingIntrospector.lambda$createCacheFilter$3(HandlerMappingIntrospector.java:195)
	at org.springframework.web.filter.CompositeFilter$VirtualFilterChain.doFilter(CompositeFilter.java:113)
	at org.springframework.web.filter.CompositeFilter.doFilter(CompositeFilter.java:74)
	at org.springframework.security.config.annotation.web.configuration.WebMvcSecurityConfiguration$CompositeFilterChainProxy.doFilter(WebMvcSecurityConfiguration.java:230)
	at org.springframework.web.filter.DelegatingFilterProxy.invokeDelegate(DelegatingFilterProxy.java:352)
	at org.springframework.web.filter.DelegatingFilterProxy.doFilter(DelegatingFilterProxy.java:268)
	at org.apache.catalina.core.ApplicationFilterChain.internalDoFilter(ApplicationFilterChain.java:175)
	at org.apache.catalina.core.ApplicationFilterChain.doFilter(ApplicationFilterChain.java:150)
	at org.springframework.web.filter.RequestContextFilter.doFilterInternal(RequestContextFilter.java:100)
	at org.springframework.web.filter.OncePerRequestFilter.doFilter(OncePerRequestFilter.java:116)
	at org.apache.catalina.core.ApplicationFilterChain.internalDoFilter(ApplicationFilterChain.java:175)
	at org.apache.catalina.core.ApplicationFilterChain.doFilter(ApplicationFilterChain.java:150)
	at org.springframework.web.filter.FormContentFilter.doFilterInternal(FormContentFilter.java:93)
	at org.springframework.web.filter.OncePerRequestFilter.doFilter(OncePerRequestFilter.java:116)
	at org.apache.catalina.core.ApplicationFilterChain.internalDoFilter(ApplicationFilterChain.java:175)
	at org.apache.catalina.core.ApplicationFilterChain.doFilter(ApplicationFilterChain.java:150)
	at org.springframework.web.filter.ServerHttpObservationFilter.doFilterInternal(ServerHttpObservationFilter.java:109)
	at org.springframework.web.filter.OncePerRequestFilter.doFilter(OncePerRequestFilter.java:116)
	at org.apache.catalina.core.ApplicationFilterChain.internalDoFilter(ApplicationFilterChain.java:175)
	at org.apache.catalina.core.ApplicationFilterChain.doFilter(ApplicationFilterChain.java:150)
	at org.springframework.web.filter.CharacterEncodingFilter.doFilterInternal(CharacterEncodingFilter.java:201)
	at org.springframework.web.filter.OncePerRequestFilter.doFilter(OncePerRequestFilter.java:116)
	at org.apache.catalina.core.ApplicationFilterChain.internalDoFilter(ApplicationFilterChain.java:175)
	at org.apache.catalina.core.ApplicationFilterChain.doFilter(ApplicationFilterChain.java:150)
	at org.apache.catalina.core.StandardWrapperValve.invoke(StandardWrapperValve.java:167)
	at org.apache.catalina.core.StandardContextValve.invoke(StandardContextValve.java:90)
	at org.apache.catalina.authenticator.AuthenticatorBase.invoke(AuthenticatorBase.java:482)
	at org.apache.catalina.core.StandardHostValve.invoke(StandardHostValve.java:115)
	at org.apache.catalina.valves.ErrorReportValve.invoke(ErrorReportValve.java:93)
	at org.apache.catalina.core.StandardEngineValve.invoke(StandardEngineValve.java:74)
	at org.apache.catalina.connector.CoyoteAdapter.service(CoyoteAdapter.java:344)
	at org.apache.coyote.http11.Http11Processor.service(Http11Processor.java:391)
	at org.apache.coyote.AbstractProcessorLight.process(AbstractProcessorLight.java:63)
	at org.apache.coyote.AbstractProtocol$ConnectionHandler.process(AbstractProtocol.java:896)
	at org.apache.tomcat.util.net.NioEndpoint$SocketProcessor.doRun(NioEndpoint.java:1736)
	at org.apache.tomcat.util.net.SocketProcessorBase.run(SocketProcessorBase.java:52)
	at org.apache.tomcat.util.threads.ThreadPoolExecutor.runWorker(ThreadPoolExecutor.java:1191)
	at org.apache.tomcat.util.threads.ThreadPoolExecutor$Worker.run(ThreadPoolExecutor.java:659)
	at org.apache.tomcat.util.threads.TaskThread$WrappingRunnable.run(TaskThread.java:63)
	at java.base/java.lang.Thread.run(Thread.java:840)
Caused by: org.postgresql.util.PSQLException: ОШИБКА: отношение "chats" не существует
  Позиция: 95
  Местонахождение: Файл parse_relation.c, Процедура: parserOpenTable, Строка: 1452
  SQLState сервера: 42P01
	at org.postgresql.core.v3.QueryExecutorImpl.receiveErrorResponse(QueryExecutorImpl.java:2733)
	at org.postgresql.core.v3.QueryExecutorImpl.processResults(QueryExecutorImpl.java:2420)
	at org.postgresql.core.v3.QueryExecutorImpl.execute(QueryExecutorImpl.java:372)
	at org.postgresql.jdbc.PgStatement.executeInternal(PgStatement.java:517)
	at org.postgresql.jdbc.PgStatement.execute(PgStatement.java:434)
	at org.postgresql.jdbc.PgPreparedStatement.executeWithFlags(PgPreparedStatement.java:194)
	at org.postgresql.jdbc.PgPreparedStatement.executeQuery(PgPreparedStatement.java:137)
	at org.hibernate.sql.results.jdbc.internal.DeferredResultSetAccess.executeQuery(DeferredResultSetAccess.java:246)
	... 188 common frames omitted
2025-05-09 22:55:57 [SpringApplicationShutdownHook] INFO  o.hibernate.orm.connections.pooling - HHH10001008: Cleaning up connection pool [jdbc:postgresql://localhost:6666/messenger]
2025-05-09 22:56:14 [background-preinit] INFO  o.h.validator.internal.util.Version - HV000001: Hibernate Validator 8.0.1.Final
2025-05-09 22:56:14 [main] INFO  r.s.j.m.m.a.MessengerApplication - Starting MessengerApplication using Java 17.0.12 with PID 28076 (C:\Users\tanki\pet-projects\Messenger\messenger-application\target\classes started by tanki in C:\Users\tanki\pet-projects\Messenger)
2025-05-09 22:56:14 [main] INFO  r.s.j.m.m.a.MessengerApplication - No active profile set, falling back to 1 default profile: "default"
2025-05-09 22:56:19 [main] INFO  o.s.b.w.e.tomcat.TomcatWebServer - Tomcat initialized with port 8080 (http)
2025-05-09 22:56:19 [main] INFO  o.a.coyote.http11.Http11NioProtocol - Initializing ProtocolHandler ["http-nio-8080"]
2025-05-09 22:56:19 [main] INFO  o.a.catalina.core.StandardService - Starting service [Tomcat]
2025-05-09 22:56:19 [main] INFO  o.a.catalina.core.StandardEngine - Starting Servlet engine: [Apache Tomcat/10.1.20]
2025-05-09 22:56:19 [main] INFO  o.a.c.c.C.[Tomcat].[localhost].[/] - Initializing Spring embedded WebApplicationContext
2025-05-09 22:56:19 [main] INFO  o.s.b.w.s.c.ServletWebServerApplicationContext - Root WebApplicationContext: initialization completed in 4661 ms
2025-05-09 22:56:20 [main] INFO  org.hibernate.Version - HHH000412: Hibernate ORM core version 6.5.3.Final
2025-05-09 22:56:20 [main] INFO  o.h.c.i.RegionFactoryInitiator - HHH000026: Second-level cache disabled
2025-05-09 22:56:21 [main] INFO  o.hibernate.orm.connections.pooling - HHH10001005: Loaded JDBC driver class: org.postgresql.Driver
2025-05-09 22:56:21 [main] INFO  o.hibernate.orm.connections.pooling - HHH10001012: Connecting with JDBC URL [jdbc:postgresql://localhost:6666/messenger]
2025-05-09 22:56:21 [main] INFO  o.hibernate.orm.connections.pooling - HHH10001001: Connection properties: {password=qwerty, user=postgres}
2025-05-09 22:56:21 [main] INFO  o.hibernate.orm.connections.pooling - HHH10001003: Autocommit mode: false
2025-05-09 22:56:21 [main] INFO  o.hibernate.orm.connections.pooling - HHH10001115: Connection pool size: 20 (min=1)
2025-05-09 22:56:25 [main] INFO  o.h.e.t.j.p.i.JtaPlatformInitiator - HHH000489: No JTA platform available (set 'hibernate.transaction.jta.platform' to enable JTA platform integration)
2025-05-09 22:56:27 [main] INFO  o.s.b.a.e.web.EndpointLinksResolver - Exposing 1 endpoint(s) beneath base path '/actuator'
2025-05-09 22:56:27 [main] INFO  o.s.s.web.DefaultSecurityFilterChain - Will secure any request with [org.springframework.security.web.session.DisableEncodeUrlFilter@4f5d587c, org.springframework.security.web.context.request.async.WebAsyncManagerIntegrationFilter@138a51d5, org.springframework.security.web.context.SecurityContextHolderFilter@471b7c9c, org.springframework.security.web.header.HeaderWriterFilter@4d65fbad, org.springframework.web.filter.CorsFilter@413a2520, org.springframework.security.web.authentication.logout.LogoutFilter@4a4979bf, ru.senla.javacourse.mutovin.messenger.impl.utils.JwtAuthenticationFilter@7ec729be, org.springframework.security.web.savedrequest.RequestCacheAwareFilter@25df95b, org.springframework.security.web.servletapi.SecurityContextHolderAwareRequestFilter@2fb9695a, org.springframework.security.web.authentication.AnonymousAuthenticationFilter@39d62e47, org.springframework.security.web.session.SessionManagementFilter@77a13162, org.springframework.security.web.access.ExceptionTranslationFilter@197c3101, org.springframework.security.web.access.intercept.AuthorizationFilter@56114349]
2025-05-09 22:56:28 [main] INFO  o.a.coyote.http11.Http11NioProtocol - Starting ProtocolHandler ["http-nio-8080"]
2025-05-09 22:56:28 [main] INFO  o.s.b.w.e.tomcat.TomcatWebServer - Tomcat started on port 8080 (http) with context path ''
2025-05-09 22:56:29 [main] INFO  r.s.j.m.m.a.MessengerApplication - Started MessengerApplication in 15.01 seconds (process running for 17.312)
2025-05-09 22:56:43 [http-nio-8080-exec-2] INFO  o.a.c.c.C.[Tomcat].[localhost].[/] - Initializing Spring DispatcherServlet 'dispatcherServlet'
2025-05-09 22:56:43 [http-nio-8080-exec-2] INFO  o.s.web.servlet.DispatcherServlet - Initializing Servlet 'dispatcherServlet'
2025-05-09 22:56:43 [http-nio-8080-exec-2] INFO  o.s.web.servlet.DispatcherServlet - Completed initialization in 7 ms
2025-05-09 23:09:19 [SpringApplicationShutdownHook] INFO  o.hibernate.orm.connections.pooling - HHH10001008: Cleaning up connection pool [jdbc:postgresql://localhost:6666/messenger]
2025-05-09 23:09:39 [background-preinit] INFO  o.h.validator.internal.util.Version - HV000001: Hibernate Validator 8.0.1.Final
2025-05-09 23:09:39 [main] INFO  r.s.j.m.m.a.MessengerApplication - Starting MessengerApplication using Java 17.0.12 with PID 20132 (C:\Users\tanki\pet-projects\Messenger\messenger-application\target\classes started by tanki in C:\Users\tanki\pet-projects\Messenger)
2025-05-09 23:09:39 [main] INFO  r.s.j.m.m.a.MessengerApplication - No active profile set, falling back to 1 default profile: "default"
2025-05-09 23:09:44 [main] INFO  o.s.b.w.e.tomcat.TomcatWebServer - Tomcat initialized with port 8080 (http)
2025-05-09 23:09:44 [main] INFO  o.a.coyote.http11.Http11NioProtocol - Initializing ProtocolHandler ["http-nio-8080"]
2025-05-09 23:09:44 [main] INFO  o.a.catalina.core.StandardService - Starting service [Tomcat]
2025-05-09 23:09:44 [main] INFO  o.a.catalina.core.StandardEngine - Starting Servlet engine: [Apache Tomcat/10.1.20]
2025-05-09 23:09:44 [main] INFO  o.a.c.c.C.[Tomcat].[localhost].[/] - Initializing Spring embedded WebApplicationContext
2025-05-09 23:09:44 [main] INFO  o.s.b.w.s.c.ServletWebServerApplicationContext - Root WebApplicationContext: initialization completed in 4599 ms
2025-05-09 23:09:45 [main] INFO  org.hibernate.Version - HHH000412: Hibernate ORM core version 6.5.3.Final
2025-05-09 23:09:45 [main] INFO  o.h.c.i.RegionFactoryInitiator - HHH000026: Second-level cache disabled
2025-05-09 23:09:46 [main] INFO  o.hibernate.orm.connections.pooling - HHH10001005: Loaded JDBC driver class: org.postgresql.Driver
2025-05-09 23:09:46 [main] INFO  o.hibernate.orm.connections.pooling - HHH10001012: Connecting with JDBC URL [jdbc:postgresql://localhost:6666/messenger]
2025-05-09 23:09:46 [main] INFO  o.hibernate.orm.connections.pooling - HHH10001001: Connection properties: {password=qwerty, user=postgres}
2025-05-09 23:09:46 [main] INFO  o.hibernate.orm.connections.pooling - HHH10001003: Autocommit mode: false
2025-05-09 23:09:46 [main] INFO  o.hibernate.orm.connections.pooling - HHH10001115: Connection pool size: 20 (min=1)
2025-05-09 23:09:50 [main] INFO  o.h.e.t.j.p.i.JtaPlatformInitiator - HHH000489: No JTA platform available (set 'hibernate.transaction.jta.platform' to enable JTA platform integration)
2025-05-09 23:09:51 [main] INFO  o.s.b.a.e.web.EndpointLinksResolver - Exposing 1 endpoint(s) beneath base path '/actuator'
2025-05-09 23:09:52 [main] INFO  o.s.s.web.DefaultSecurityFilterChain - Will secure any request with [org.springframework.security.web.session.DisableEncodeUrlFilter@2d6abfc7, org.springframework.security.web.context.request.async.WebAsyncManagerIntegrationFilter@4f5d587c, org.springframework.security.web.context.SecurityContextHolderFilter@3c5d183, org.springframework.security.web.header.HeaderWriterFilter@7b5e1b16, org.springframework.web.filter.CorsFilter@138a51d5, org.springframework.security.web.authentication.logout.LogoutFilter@5d8c03cc, ru.senla.javacourse.mutovin.messenger.impl.utils.JwtAuthenticationFilter@4ed74d03, org.springframework.security.web.savedrequest.RequestCacheAwareFilter@39cf7f3c, org.springframework.security.web.servletapi.SecurityContextHolderAwareRequestFilter@25df95b, org.springframework.security.web.authentication.AnonymousAuthenticationFilter@413a2520, org.springframework.security.web.session.SessionManagementFilter@6124a7c0, org.springframework.security.web.access.ExceptionTranslationFilter@543b855, org.springframework.security.web.access.intercept.AuthorizationFilter@27a8bfa1]
2025-05-09 23:09:53 [main] INFO  o.a.coyote.http11.Http11NioProtocol - Starting ProtocolHandler ["http-nio-8080"]
2025-05-09 23:09:53 [main] INFO  o.s.b.w.e.tomcat.TomcatWebServer - Tomcat started on port 8080 (http) with context path ''
2025-05-09 23:09:53 [main] INFO  r.s.j.m.m.a.MessengerApplication - Started MessengerApplication in 15.003 seconds (process running for 17.476)
2025-05-09 23:10:30 [http-nio-8080-exec-1] INFO  o.a.c.c.C.[Tomcat].[localhost].[/] - Initializing Spring DispatcherServlet 'dispatcherServlet'
2025-05-09 23:10:30 [http-nio-8080-exec-1] INFO  o.s.web.servlet.DispatcherServlet - Initializing Servlet 'dispatcherServlet'
2025-05-09 23:10:30 [http-nio-8080-exec-1] INFO  o.s.web.servlet.DispatcherServlet - Completed initialization in 17 ms
2025-05-09 23:14:01 [SpringApplicationShutdownHook] INFO  o.hibernate.orm.connections.pooling - HHH10001008: Cleaning up connection pool [jdbc:postgresql://localhost:6666/messenger]
2025-05-09 23:14:17 [background-preinit] INFO  o.h.validator.internal.util.Version - HV000001: Hibernate Validator 8.0.1.Final
2025-05-09 23:14:17 [main] INFO  r.s.j.m.m.a.MessengerApplication - Starting MessengerApplication using Java 17.0.12 with PID 18944 (C:\Users\tanki\pet-projects\Messenger\messenger-application\target\classes started by tanki in C:\Users\tanki\pet-projects\Messenger)
2025-05-09 23:14:17 [main] INFO  r.s.j.m.m.a.MessengerApplication - No active profile set, falling back to 1 default profile: "default"
2025-05-09 23:14:23 [main] INFO  o.s.b.w.e.tomcat.TomcatWebServer - Tomcat initialized with port 8080 (http)
2025-05-09 23:14:23 [main] INFO  o.a.coyote.http11.Http11NioProtocol - Initializing ProtocolHandler ["http-nio-8080"]
2025-05-09 23:14:23 [main] INFO  o.a.catalina.core.StandardService - Starting service [Tomcat]
2025-05-09 23:14:23 [main] INFO  o.a.catalina.core.StandardEngine - Starting Servlet engine: [Apache Tomcat/10.1.20]
2025-05-09 23:14:23 [background-preinit] INFO  o.h.validator.internal.util.Version - HV000001: Hibernate Validator 8.0.1.Final
2025-05-09 23:14:23 [main] INFO  r.s.j.m.m.a.MessengerApplication - Starting MessengerApplication using Java 17.0.12 with PID 17540 (C:\Users\tanki\pet-projects\Messenger\messenger-application\target\classes started by tanki in C:\Users\tanki\pet-projects\Messenger)
2025-05-09 23:14:23 [main] INFO  r.s.j.m.m.a.MessengerApplication - No active profile set, falling back to 1 default profile: "default"
2025-05-09 23:14:23 [main] INFO  o.a.c.c.C.[Tomcat].[localhost].[/] - Initializing Spring embedded WebApplicationContext
2025-05-09 23:14:23 [main] INFO  o.s.b.w.s.c.ServletWebServerApplicationContext - Root WebApplicationContext: initialization completed in 5672 ms
2025-05-09 23:14:24 [main] INFO  org.hibernate.Version - HHH000412: Hibernate ORM core version 6.5.3.Final
2025-05-09 23:14:25 [main] INFO  o.h.c.i.RegionFactoryInitiator - HHH000026: Second-level cache disabled
2025-05-09 23:14:25 [main] INFO  o.hibernate.orm.connections.pooling - HHH10001005: Loaded JDBC driver class: org.postgresql.Driver
2025-05-09 23:14:25 [main] INFO  o.hibernate.orm.connections.pooling - HHH10001012: Connecting with JDBC URL [jdbc:postgresql://localhost:6666/messenger]
2025-05-09 23:14:25 [main] INFO  o.hibernate.orm.connections.pooling - HHH10001001: Connection properties: {password=qwerty, user=postgres}
2025-05-09 23:14:25 [main] INFO  o.hibernate.orm.connections.pooling - HHH10001003: Autocommit mode: false
2025-05-09 23:14:25 [main] INFO  o.hibernate.orm.connections.pooling - HHH10001115: Connection pool size: 20 (min=1)
2025-05-09 23:14:29 [main] INFO  o.s.b.w.e.tomcat.TomcatWebServer - Tomcat initialized with port 8080 (http)
2025-05-09 23:14:29 [main] INFO  o.a.coyote.http11.Http11NioProtocol - Initializing ProtocolHandler ["http-nio-8080"]
2025-05-09 23:14:29 [main] INFO  o.a.catalina.core.StandardService - Starting service [Tomcat]
2025-05-09 23:14:29 [main] INFO  o.a.catalina.core.StandardEngine - Starting Servlet engine: [Apache Tomcat/10.1.20]
2025-05-09 23:14:29 [main] INFO  o.a.c.c.C.[Tomcat].[localhost].[/] - Initializing Spring embedded WebApplicationContext
2025-05-09 23:14:29 [main] INFO  o.s.b.w.s.c.ServletWebServerApplicationContext - Root WebApplicationContext: initialization completed in 6363 ms
2025-05-09 23:14:30 [main] INFO  org.hibernate.Version - HHH000412: Hibernate ORM core version 6.5.3.Final
2025-05-09 23:14:31 [main] INFO  o.h.c.i.RegionFactoryInitiator - HHH000026: Second-level cache disabled
2025-05-09 23:14:31 [main] INFO  o.hibernate.orm.connections.pooling - HHH10001005: Loaded JDBC driver class: org.postgresql.Driver
2025-05-09 23:14:31 [main] INFO  o.hibernate.orm.connections.pooling - HHH10001012: Connecting with JDBC URL [jdbc:postgresql://localhost:6666/messenger]
2025-05-09 23:14:31 [main] INFO  o.hibernate.orm.connections.pooling - HHH10001001: Connection properties: {password=qwerty, user=postgres}
2025-05-09 23:14:31 [main] INFO  o.hibernate.orm.connections.pooling - HHH10001003: Autocommit mode: false
2025-05-09 23:14:31 [main] INFO  o.hibernate.orm.connections.pooling - HHH10001115: Connection pool size: 20 (min=1)
2025-05-09 23:14:31 [main] INFO  o.h.e.t.j.p.i.JtaPlatformInitiator - HHH000489: No JTA platform available (set 'hibernate.transaction.jta.platform' to enable JTA platform integration)
2025-05-09 23:14:35 [main] INFO  o.s.b.a.e.web.EndpointLinksResolver - Exposing 1 endpoint(s) beneath base path '/actuator'
2025-05-09 23:14:36 [main] INFO  o.s.s.web.DefaultSecurityFilterChain - Will secure any request with [org.springframework.security.web.session.DisableEncodeUrlFilter@4ab1693b, org.springframework.security.web.context.request.async.WebAsyncManagerIntegrationFilter@35e0d91e, org.springframework.security.web.context.SecurityContextHolderFilter@44a25dc7, org.springframework.security.web.header.HeaderWriterFilter@418f0f27, org.springframework.web.filter.CorsFilter@3204146d, org.springframework.security.web.authentication.logout.LogoutFilter@7af4286, ru.senla.javacourse.mutovin.messenger.impl.utils.JwtAuthenticationFilter@3fe59f84, org.springframework.security.web.savedrequest.RequestCacheAwareFilter@4bacabc4, org.springframework.security.web.servletapi.SecurityContextHolderAwareRequestFilter@508de524, org.springframework.security.web.authentication.AnonymousAuthenticationFilter@3299e315, org.springframework.security.web.session.SessionManagementFilter@1adc38a0, org.springframework.security.web.access.ExceptionTranslationFilter@fd8513b, org.springframework.security.web.access.intercept.AuthorizationFilter@5295a774]
2025-05-09 23:14:37 [main] INFO  o.a.coyote.http11.Http11NioProtocol - Starting ProtocolHandler ["http-nio-8080"]
2025-05-09 23:14:37 [main] INFO  o.s.b.w.e.tomcat.TomcatWebServer - Tomcat started on port 8080 (http) with context path ''
2025-05-09 23:14:37 [main] INFO  r.s.j.m.m.a.MessengerApplication - Started MessengerApplication in 21.104 seconds (process running for 23.456)
2025-05-09 23:14:38 [RMI TCP Connection(2)-172.25.224.1] INFO  o.a.c.c.C.[Tomcat].[localhost].[/] - Initializing Spring DispatcherServlet 'dispatcherServlet'
2025-05-09 23:14:38 [RMI TCP Connection(2)-172.25.224.1] INFO  o.s.web.servlet.DispatcherServlet - Initializing Servlet 'dispatcherServlet'
2025-05-09 23:14:38 [RMI TCP Connection(2)-172.25.224.1] INFO  o.s.web.servlet.DispatcherServlet - Completed initialization in 4 ms
2025-05-09 23:14:39 [main] INFO  o.h.e.t.j.p.i.JtaPlatformInitiator - HHH000489: No JTA platform available (set 'hibernate.transaction.jta.platform' to enable JTA platform integration)
2025-05-09 23:14:40 [main] INFO  o.s.b.a.e.web.EndpointLinksResolver - Exposing 1 endpoint(s) beneath base path '/actuator'
2025-05-09 23:14:40 [main] INFO  o.s.s.web.DefaultSecurityFilterChain - Will secure any request with [org.springframework.security.web.session.DisableEncodeUrlFilter@3e09067, org.springframework.security.web.context.request.async.WebAsyncManagerIntegrationFilter@7a7f5c44, org.springframework.security.web.context.SecurityContextHolderFilter@1b5df8b7, org.springframework.security.web.header.HeaderWriterFilter@fd8513b, org.springframework.web.filter.CorsFilter@4ab1693b, org.springframework.security.web.authentication.logout.LogoutFilter@41a6ab50, ru.senla.javacourse.mutovin.messenger.impl.utils.JwtAuthenticationFilter@79aa675b, org.springframework.security.web.savedrequest.RequestCacheAwareFilter@44a25dc7, org.springframework.security.web.servletapi.SecurityContextHolderAwareRequestFilter@3fc064cb, org.springframework.security.web.authentication.AnonymousAuthenticationFilter@35e0d91e, org.springframework.security.web.session.SessionManagementFilter@7bfedff3, org.springframework.security.web.access.ExceptionTranslationFilter@4c32aa7e, org.springframework.security.web.access.intercept.AuthorizationFilter@51751265]
2025-05-09 23:14:42 [main] INFO  o.hibernate.orm.connections.pooling - HHH10001008: Cleaning up connection pool [jdbc:postgresql://localhost:6666/messenger]
2025-05-09 23:17:28 [SpringApplicationShutdownHook] INFO  o.hibernate.orm.connections.pooling - HHH10001008: Cleaning up connection pool [jdbc:postgresql://localhost:6666/messenger]
2025-05-09 23:19:39 [background-preinit] INFO  o.h.validator.internal.util.Version - HV000001: Hibernate Validator 8.0.1.Final
2025-05-09 23:19:39 [main] INFO  r.s.j.m.m.a.MessengerApplication - Starting MessengerApplication using Java 17.0.12 with PID 18756 (C:\Users\tanki\pet-projects\Messenger\messenger-application\target\classes started by tanki in C:\Users\tanki\pet-projects\Messenger)
2025-05-09 23:19:39 [main] INFO  r.s.j.m.m.a.MessengerApplication - No active profile set, falling back to 1 default profile: "default"
2025-05-09 23:19:45 [main] INFO  o.s.b.w.e.tomcat.TomcatWebServer - Tomcat initialized with port 8080 (http)
2025-05-09 23:19:45 [main] INFO  o.s.b.w.s.c.ServletWebServerApplicationContext - Root WebApplicationContext: initialization completed in 5952 ms
2025-05-09 23:19:46 [main] INFO  org.hibernate.Version - HHH000412: Hibernate ORM core version 6.5.3.Final
2025-05-09 23:19:47 [background-preinit] INFO  o.h.validator.internal.util.Version - HV000001: Hibernate Validator 8.0.1.Final
2025-05-09 23:19:47 [main] INFO  r.s.j.m.m.a.MessengerApplication - Starting MessengerApplication using Java 17.0.12 with PID 27060 (C:\Users\tanki\pet-projects\Messenger\messenger-application\target\classes started by tanki in C:\Users\tanki\pet-projects\Messenger)
2025-05-09 23:19:47 [main] INFO  r.s.j.m.m.a.MessengerApplication - No active profile set, falling back to 1 default profile: "default"
2025-05-09 23:19:47 [main] INFO  o.h.c.i.RegionFactoryInitiator - HHH000026: Second-level cache disabled
2025-05-09 23:19:48 [main] INFO  o.hibernate.orm.connections.pooling - HHH10001005: Loaded JDBC driver class: org.postgresql.Driver
2025-05-09 23:19:48 [main] INFO  o.hibernate.orm.connections.pooling - HHH10001012: Connecting with JDBC URL [jdbc:postgresql://localhost:6666/messenger]
2025-05-09 23:19:48 [main] INFO  o.hibernate.orm.connections.pooling - HHH10001001: Connection properties: {password=qwerty, user=postgres}
2025-05-09 23:19:48 [main] INFO  o.hibernate.orm.connections.pooling - HHH10001003: Autocommit mode: false
2025-05-09 23:19:48 [main] INFO  o.hibernate.orm.connections.pooling - HHH10001115: Connection pool size: 20 (min=1)
2025-05-09 23:19:52 [main] INFO  o.s.b.w.e.tomcat.TomcatWebServer - Tomcat initialized with port 8080 (http)
2025-05-09 23:19:52 [main] INFO  o.a.coyote.http11.Http11NioProtocol - Initializing ProtocolHandler ["http-nio-8080"]
2025-05-09 23:19:52 [main] INFO  o.a.catalina.core.StandardService - Starting service [Tomcat]
2025-05-09 23:19:52 [main] INFO  o.a.catalina.core.StandardEngine - Starting Servlet engine: [Apache Tomcat/10.1.20]
2025-05-09 23:19:53 [main] INFO  o.a.c.c.C.[Tomcat].[localhost].[/] - Initializing Spring embedded WebApplicationContext
2025-05-09 23:19:53 [main] INFO  o.s.b.w.s.c.ServletWebServerApplicationContext - Root WebApplicationContext: initialization completed in 5889 ms
2025-05-09 23:19:54 [main] INFO  org.hibernate.Version - HHH000412: Hibernate ORM core version 6.5.3.Final
2025-05-09 23:19:54 [main] INFO  o.h.c.i.RegionFactoryInitiator - HHH000026: Second-level cache disabled
2025-05-09 23:19:55 [main] INFO  o.hibernate.orm.connections.pooling - HHH10001005: Loaded JDBC driver class: org.postgresql.Driver
2025-05-09 23:19:55 [main] INFO  o.hibernate.orm.connections.pooling - HHH10001012: Connecting with JDBC URL [jdbc:postgresql://localhost:6666/messenger]
2025-05-09 23:19:55 [main] INFO  o.hibernate.orm.connections.pooling - HHH10001001: Connection properties: {password=qwerty, user=postgres}
2025-05-09 23:19:55 [main] INFO  o.hibernate.orm.connections.pooling - HHH10001003: Autocommit mode: false
2025-05-09 23:19:55 [main] INFO  o.hibernate.orm.connections.pooling - HHH10001115: Connection pool size: 20 (min=1)
2025-05-09 23:20:00 [main] INFO  o.h.e.t.j.p.i.JtaPlatformInitiator - HHH000489: No JTA platform available (set 'hibernate.transaction.jta.platform' to enable JTA platform integration)
2025-05-09 23:20:02 [main] INFO  o.s.b.a.e.web.EndpointLinksResolver - Exposing 1 endpoint(s) beneath base path '/actuator'
2025-05-09 23:20:03 [main] INFO  o.s.s.web.DefaultSecurityFilterChain - Will secure any request with [org.springframework.security.web.session.DisableEncodeUrlFilter@136a5572, org.springframework.security.web.context.request.async.WebAsyncManagerIntegrationFilter@11548363, org.springframework.security.web.context.SecurityContextHolderFilter@38c9e937, org.springframework.security.web.header.HeaderWriterFilter@1adc38a0, org.springframework.web.filter.CorsFilter@6be865c1, org.springframework.security.web.authentication.logout.LogoutFilter@36a59d8, ru.senla.javacourse.mutovin.messenger.impl.utils.JwtAuthenticationFilter@5101b9, org.springframework.security.web.savedrequest.RequestCacheAwareFilter@79e591bb, org.springframework.security.web.servletapi.SecurityContextHolderAwareRequestFilter@208ce928, org.springframework.security.web.authentication.AnonymousAuthenticationFilter@4c140b12, org.springframework.security.web.session.SessionManagementFilter@416bff93, org.springframework.security.web.access.ExceptionTranslationFilter@7bfedff3, org.springframework.security.web.access.intercept.AuthorizationFilter@44f8d884]
2025-05-09 23:20:04 [main] INFO  o.a.coyote.http11.Http11NioProtocol - Starting ProtocolHandler ["http-nio-8080"]
2025-05-09 23:20:04 [main] INFO  o.s.b.w.e.tomcat.TomcatWebServer - Tomcat started on port 8080 (http) with context path ''
2025-05-09 23:20:04 [main] INFO  r.s.j.m.m.a.MessengerApplication - Started MessengerApplication in 18.667 seconds (process running for 21.183)
2025-05-09 23:20:05 [RMI TCP Connection(5)-172.25.224.1] INFO  o.a.c.c.C.[Tomcat].[localhost].[/] - Initializing Spring DispatcherServlet 'dispatcherServlet'
2025-05-09 23:20:05 [RMI TCP Connection(5)-172.25.224.1] INFO  o.s.web.servlet.DispatcherServlet - Initializing Servlet 'dispatcherServlet'
2025-05-09 23:20:05 [RMI TCP Connection(5)-172.25.224.1] INFO  o.s.web.servlet.DispatcherServlet - Completed initialization in 5 ms
2025-05-09 23:25:11 [SpringApplicationShutdownHook] INFO  o.hibernate.orm.connections.pooling - HHH10001008: Cleaning up connection pool [jdbc:postgresql://localhost:6666/messenger]
2025-05-09 23:25:27 [background-preinit] INFO  o.h.validator.internal.util.Version - HV000001: Hibernate Validator 8.0.1.Final
2025-05-09 23:25:27 [main] INFO  r.s.j.m.m.a.MessengerApplication - Starting MessengerApplication using Java 17.0.12 with PID 14204 (C:\Users\tanki\pet-projects\Messenger\messenger-application\target\classes started by tanki in C:\Users\tanki\pet-projects\Messenger)
2025-05-09 23:25:27 [main] INFO  r.s.j.m.m.a.MessengerApplication - No active profile set, falling back to 1 default profile: "default"
2025-05-09 23:25:32 [main] INFO  o.s.b.w.e.tomcat.TomcatWebServer - Tomcat initialized with port 8080 (http)
2025-05-09 23:25:32 [main] INFO  o.a.coyote.http11.Http11NioProtocol - Initializing ProtocolHandler ["http-nio-8080"]
2025-05-09 23:25:32 [main] INFO  o.a.catalina.core.StandardService - Starting service [Tomcat]
2025-05-09 23:25:32 [main] INFO  o.a.catalina.core.StandardEngine - Starting Servlet engine: [Apache Tomcat/10.1.20]
2025-05-09 23:25:32 [main] INFO  o.a.c.c.C.[Tomcat].[localhost].[/] - Initializing Spring embedded WebApplicationContext
2025-05-09 23:25:32 [main] INFO  o.s.b.w.s.c.ServletWebServerApplicationContext - Root WebApplicationContext: initialization completed in 5176 ms
2025-05-09 23:25:33 [main] INFO  org.hibernate.Version - HHH000412: Hibernate ORM core version 6.5.3.Final
2025-05-09 23:25:33 [main] INFO  o.h.c.i.RegionFactoryInitiator - HHH000026: Second-level cache disabled
2025-05-09 23:25:34 [main] INFO  o.hibernate.orm.connections.pooling - HHH10001005: Loaded JDBC driver class: org.postgresql.Driver
2025-05-09 23:25:34 [main] INFO  o.hibernate.orm.connections.pooling - HHH10001012: Connecting with JDBC URL [jdbc:postgresql://localhost:6666/messenger]
2025-05-09 23:25:34 [main] INFO  o.hibernate.orm.connections.pooling - HHH10001001: Connection properties: {password=qwerty, user=postgres}
2025-05-09 23:25:34 [main] INFO  o.hibernate.orm.connections.pooling - HHH10001003: Autocommit mode: false
2025-05-09 23:25:34 [main] INFO  o.hibernate.orm.connections.pooling - HHH10001115: Connection pool size: 20 (min=1)
2025-05-09 23:25:38 [main] INFO  o.h.e.t.j.p.i.JtaPlatformInitiator - HHH000489: No JTA platform available (set 'hibernate.transaction.jta.platform' to enable JTA platform integration)
2025-05-09 23:25:40 [main] INFO  o.s.b.a.e.web.EndpointLinksResolver - Exposing 1 endpoint(s) beneath base path '/actuator'
2025-05-09 23:25:41 [main] INFO  o.s.s.web.DefaultSecurityFilterChain - Will secure any request with [org.springframework.security.web.session.DisableEncodeUrlFilter@74ea1cd0, org.springframework.security.web.context.request.async.WebAsyncManagerIntegrationFilter@179e8859, org.springframework.security.web.context.SecurityContextHolderFilter@354ed5c4, org.springframework.security.web.header.HeaderWriterFilter@79e591bb, org.springframework.web.filter.CorsFilter@477dc93, org.springframework.security.web.authentication.logout.LogoutFilter@5f9f1886, ru.senla.javacourse.mutovin.messenger.impl.utils.JwtAuthenticationFilter@52c2d1e8, org.springframework.security.web.savedrequest.RequestCacheAwareFilter@6dc98c02, org.springframework.security.web.servletapi.SecurityContextHolderAwareRequestFilter@7af4286, org.springframework.security.web.authentication.AnonymousAuthenticationFilter@781ecbac, org.springframework.security.web.session.SessionManagementFilter@217abcc9, org.springframework.security.web.access.ExceptionTranslationFilter@38c9e937, org.springframework.security.web.access.intercept.AuthorizationFilter@193f5509]
2025-05-09 23:25:42 [main] INFO  o.a.coyote.http11.Http11NioProtocol - Starting ProtocolHandler ["http-nio-8080"]
2025-05-09 23:25:42 [main] INFO  o.s.b.w.e.tomcat.TomcatWebServer - Tomcat started on port 8080 (http) with context path ''
2025-05-09 23:25:42 [main] INFO  r.s.j.m.m.a.MessengerApplication - Started MessengerApplication in 16.271 seconds (process running for 18.865)
2025-05-09 23:25:43 [RMI TCP Connection(2)-172.25.224.1] INFO  o.a.c.c.C.[Tomcat].[localhost].[/] - Initializing Spring DispatcherServlet 'dispatcherServlet'
2025-05-09 23:25:43 [RMI TCP Connection(2)-172.25.224.1] INFO  o.s.web.servlet.DispatcherServlet - Initializing Servlet 'dispatcherServlet'
2025-05-09 23:25:43 [RMI TCP Connection(2)-172.25.224.1] INFO  o.s.web.servlet.DispatcherServlet - Completed initialization in 5 ms
2025-05-09 23:43:30 [SpringApplicationShutdownHook] INFO  o.hibernate.orm.connections.pooling - HHH10001008: Cleaning up connection pool [jdbc:postgresql://localhost:6666/messenger]
2025-05-09 23:43:43 [background-preinit] INFO  o.h.validator.internal.util.Version - HV000001: Hibernate Validator 8.0.1.Final
2025-05-09 23:43:43 [main] INFO  r.s.j.m.m.a.MessengerApplication - Starting MessengerApplication using Java 17.0.12 with PID 544 (C:\Users\tanki\pet-projects\Messenger\messenger-application\target\classes started by tanki in C:\Users\tanki\pet-projects\Messenger)
2025-05-09 23:43:43 [main] INFO  r.s.j.m.m.a.MessengerApplication - No active profile set, falling back to 1 default profile: "default"
2025-05-09 23:43:48 [main] INFO  o.s.b.w.e.tomcat.TomcatWebServer - Tomcat initialized with port 8080 (http)
2025-05-09 23:43:48 [main] INFO  o.a.coyote.http11.Http11NioProtocol - Initializing ProtocolHandler ["http-nio-8080"]
2025-05-09 23:43:48 [main] INFO  o.a.catalina.core.StandardService - Starting service [Tomcat]
2025-05-09 23:43:48 [main] INFO  o.a.catalina.core.StandardEngine - Starting Servlet engine: [Apache Tomcat/10.1.20]
2025-05-09 23:43:48 [main] INFO  o.a.c.c.C.[Tomcat].[localhost].[/] - Initializing Spring embedded WebApplicationContext
2025-05-09 23:43:48 [main] INFO  o.s.b.w.s.c.ServletWebServerApplicationContext - Root WebApplicationContext: initialization completed in 5137 ms
2025-05-09 23:43:49 [main] INFO  org.hibernate.Version - HHH000412: Hibernate ORM core version 6.5.3.Final
2025-05-09 23:43:49 [main] INFO  o.h.c.i.RegionFactoryInitiator - HHH000026: Second-level cache disabled
2025-05-09 23:43:50 [main] INFO  o.hibernate.orm.connections.pooling - HHH10001005: Loaded JDBC driver class: org.postgresql.Driver
2025-05-09 23:43:50 [main] INFO  o.hibernate.orm.connections.pooling - HHH10001012: Connecting with JDBC URL [jdbc:postgresql://localhost:6666/messenger]
2025-05-09 23:43:50 [main] INFO  o.hibernate.orm.connections.pooling - HHH10001001: Connection properties: {password=qwerty, user=postgres}
2025-05-09 23:43:50 [main] INFO  o.hibernate.orm.connections.pooling - HHH10001003: Autocommit mode: false
2025-05-09 23:43:50 [main] INFO  o.hibernate.orm.connections.pooling - HHH10001115: Connection pool size: 20 (min=1)
2025-05-09 23:43:54 [main] INFO  o.h.e.t.j.p.i.JtaPlatformInitiator - HHH000489: No JTA platform available (set 'hibernate.transaction.jta.platform' to enable JTA platform integration)
2025-05-09 23:43:55 [main] INFO  o.s.b.a.e.web.EndpointLinksResolver - Exposing 1 endpoint(s) beneath base path '/actuator'
2025-05-09 23:43:55 [main] INFO  o.s.s.web.DefaultSecurityFilterChain - Will secure any request with [org.springframework.security.web.session.DisableEncodeUrlFilter@5f9f1886, org.springframework.security.web.context.request.async.WebAsyncManagerIntegrationFilter@136a5572, org.springframework.security.web.context.SecurityContextHolderFilter@258f97f8, org.springframework.security.web.header.HeaderWriterFilter@35bcf3a6, org.springframework.web.filter.CorsFilter@11548363, org.springframework.security.web.authentication.logout.LogoutFilter@718b9d56, ru.senla.javacourse.mutovin.messenger.impl.utils.JwtAuthenticationFilter@40273969, org.springframework.security.web.savedrequest.RequestCacheAwareFilter@26401eda, org.springframework.security.web.servletapi.SecurityContextHolderAwareRequestFilter@79e591bb, org.springframework.security.web.authentication.AnonymousAuthenticationFilter@6be865c1, org.springframework.security.web.session.SessionManagementFilter@1391d95f, org.springframework.security.web.access.ExceptionTranslationFilter@605c2b9f, org.springframework.security.web.access.intercept.AuthorizationFilter@59c2bf78]
2025-05-09 23:43:56 [main] INFO  o.a.coyote.http11.Http11NioProtocol - Starting ProtocolHandler ["http-nio-8080"]
2025-05-09 23:43:56 [main] INFO  o.s.b.w.e.tomcat.TomcatWebServer - Tomcat started on port 8080 (http) with context path ''
2025-05-09 23:43:56 [main] INFO  r.s.j.m.m.a.MessengerApplication - Started MessengerApplication in 14.139 seconds (process running for 16.327)
2025-05-09 23:43:57 [RMI TCP Connection(1)-172.25.224.1] INFO  o.a.c.c.C.[Tomcat].[localhost].[/] - Initializing Spring DispatcherServlet 'dispatcherServlet'
2025-05-09 23:43:57 [RMI TCP Connection(1)-172.25.224.1] INFO  o.s.web.servlet.DispatcherServlet - Initializing Servlet 'dispatcherServlet'
2025-05-09 23:43:57 [RMI TCP Connection(1)-172.25.224.1] INFO  o.s.web.servlet.DispatcherServlet - Completed initialization in 3 ms
2025-05-09 23:57:09 [SpringApplicationShutdownHook] INFO  o.hibernate.orm.connections.pooling - HHH10001008: Cleaning up connection pool [jdbc:postgresql://localhost:6666/messenger]
2025-05-09 23:57:27 [background-preinit] INFO  o.h.validator.internal.util.Version - HV000001: Hibernate Validator 8.0.1.Final
2025-05-09 23:57:27 [main] INFO  r.s.j.m.m.a.MessengerApplication - Starting MessengerApplication using Java 17.0.12 with PID 25064 (C:\Users\tanki\pet-projects\Messenger\messenger-application\target\classes started by tanki in C:\Users\tanki\pet-projects\Messenger)
2025-05-09 23:57:27 [main] INFO  r.s.j.m.m.a.MessengerApplication - No active profile set, falling back to 1 default profile: "default"
2025-05-09 23:57:31 [main] INFO  o.s.b.w.e.tomcat.TomcatWebServer - Tomcat initialized with port 8080 (http)
2025-05-09 23:57:31 [main] INFO  o.a.coyote.http11.Http11NioProtocol - Initializing ProtocolHandler ["http-nio-8080"]
2025-05-09 23:57:31 [main] INFO  o.a.catalina.core.StandardService - Starting service [Tomcat]
2025-05-09 23:57:31 [main] INFO  o.a.catalina.core.StandardEngine - Starting Servlet engine: [Apache Tomcat/10.1.20]
2025-05-09 23:57:31 [main] INFO  o.a.c.c.C.[Tomcat].[localhost].[/] - Initializing Spring embedded WebApplicationContext
2025-05-09 23:57:31 [main] INFO  o.s.b.w.s.c.ServletWebServerApplicationContext - Root WebApplicationContext: initialization completed in 4010 ms
2025-05-09 23:57:31 [main] INFO  org.hibernate.Version - HHH000412: Hibernate ORM core version 6.5.3.Final
2025-05-09 23:57:32 [main] INFO  o.h.c.i.RegionFactoryInitiator - HHH000026: Second-level cache disabled
2025-05-09 23:57:32 [main] INFO  o.hibernate.orm.connections.pooling - HHH10001005: Loaded JDBC driver class: org.postgresql.Driver
2025-05-09 23:57:32 [main] INFO  o.hibernate.orm.connections.pooling - HHH10001012: Connecting with JDBC URL [jdbc:postgresql://localhost:6666/messenger]
2025-05-09 23:57:32 [main] INFO  o.hibernate.orm.connections.pooling - HHH10001001: Connection properties: {password=qwerty, user=postgres}
2025-05-09 23:57:32 [main] INFO  o.hibernate.orm.connections.pooling - HHH10001003: Autocommit mode: false
2025-05-09 23:57:32 [main] INFO  o.hibernate.orm.connections.pooling - HHH10001115: Connection pool size: 20 (min=1)
2025-05-09 23:57:36 [main] INFO  o.h.e.t.j.p.i.JtaPlatformInitiator - HHH000489: No JTA platform available (set 'hibernate.transaction.jta.platform' to enable JTA platform integration)
2025-05-09 23:57:37 [main] INFO  o.s.b.a.e.web.EndpointLinksResolver - Exposing 1 endpoint(s) beneath base path '/actuator'
2025-05-09 23:57:37 [main] INFO  o.s.s.web.DefaultSecurityFilterChain - Will secure any request with [org.springframework.security.web.session.DisableEncodeUrlFilter@7a7f5c44, org.springframework.security.web.context.request.async.WebAsyncManagerIntegrationFilter@4ab1693b, org.springframework.security.web.context.SecurityContextHolderFilter@1651bd68, org.springframework.security.web.header.HeaderWriterFilter@18372705, org.springframework.web.filter.CorsFilter@35e0d91e, org.springframework.security.web.authentication.logout.LogoutFilter@6dc98c02, ru.senla.javacourse.mutovin.messenger.impl.utils.JwtAuthenticationFilter@38eafdab, org.springframework.security.web.savedrequest.RequestCacheAwareFilter@3fc064cb, org.springframework.security.web.servletapi.SecurityContextHolderAwareRequestFilter@4bacabc4, org.springframework.security.web.authentication.AnonymousAuthenticationFilter@3204146d, org.springframework.security.web.session.SessionManagementFilter@35bcf3a6, org.springframework.security.web.access.ExceptionTranslationFilter@c11ec9b, org.springframework.security.web.access.intercept.AuthorizationFilter@7f59f4e4]
2025-05-09 23:57:38 [main] INFO  o.a.coyote.http11.Http11NioProtocol - Starting ProtocolHandler ["http-nio-8080"]
2025-05-09 23:57:38 [main] INFO  o.s.b.w.e.tomcat.TomcatWebServer - Tomcat started on port 8080 (http) with context path ''
2025-05-09 23:57:38 [main] INFO  r.s.j.m.m.a.MessengerApplication - Started MessengerApplication in 12.099 seconds (process running for 14.015)
2025-05-09 23:57:39 [RMI TCP Connection(4)-172.25.224.1] INFO  o.a.c.c.C.[Tomcat].[localhost].[/] - Initializing Spring DispatcherServlet 'dispatcherServlet'
2025-05-09 23:57:39 [RMI TCP Connection(4)-172.25.224.1] INFO  o.s.web.servlet.DispatcherServlet - Initializing Servlet 'dispatcherServlet'
2025-05-09 23:57:39 [RMI TCP Connection(4)-172.25.224.1] INFO  o.s.web.servlet.DispatcherServlet - Completed initialization in 4 ms
